id,dedup_key,name,provider,provider_type,official_url,application_url,amount,education_level,courses,academic_req,income_limit,age_limit,gender,category,domicile,institution_req,disability,eligibility_summary,open_date,close_date,documents,selection_process,renewal,eligibility_json,status,verification_status,confidence,first_seen,last_verified,last_changed,last_seen_run,missing_runs,source_type
184,financial assistance for the academic year|nitk.ac.in,Financial Assistance for the Academic Year 2025-26,"SC/ST Cell, National Institute of Technology Karnataka, Surathkal",university,https://www.nitk.ac.in/document/attachments/9280/FA_Notice_2025-26.pdf,https://www.nitk.ac.in/Scholarships,"For B.Tech./MCA/MBA/M.Sc. Students: 1. Reimbursement of actual hostel fees paid at NITK Hostels Office. 2. Reimbursement of hostel room rent paid to the institute. 3. Laptop Assistance: One-time support of up to ₹45,000 for purchasing a laptop. 4. Books and Stationery Assistance: Up to ₹6,000 per year for academic resources. 5. Academic Performance Incentives: o ₹18,000 for CGPA between 8 and 10. o ₹12,000 for CGPA between 6.5 and 8. For M.Tech./Ph.D. Students: 1. Laptop Assistance: One-time support of up to ₹45,000 for purchasing a laptop.",UG /PG / Ph. D,B.Tech./M.Tech./MCA/MBA/M.Sc./Ph.D.,"For B.Tech./MCA/MBA/M.Sc. students: A minimum CGPA of 5.0 up to the previous semester is required (not applicable for 1st-semester students). o For Ph.D. students, there is no minimum CGPA requirement.",less than ₹4.5 Lakhs,,,SC/ST,,"National Institute of Technology Karnataka, Surathkal",,The SC/ST Cell invites applications in the prescribed format from eligible regular full-time SC/ST students pursuing B.Tech./M.Tech./MCA/MBA/M.Sc./Ph.D. degrees for financial assistance for the academic year 2025-26.,,2026-01-28,For B.Tech./MCA/MBA/M.Sc. Students: 1. Self-attested Xerox copies of: o Caste Certificate and valid Income Certificate. o Bank Passbook. o Aadhaar Card. o Grade Card of the previous year (not applicable for 1st-year students). 2. Originals of: o Hostel rent receipt from the institute. o Bills for books/stationery. o Laptop purchase bill. o Hostel fees receipt. o Undertaking form. For M.Tech./Ph.D. Students: 1. Self-attested Xerox copies of: o Caste Certificate and valid Income Certificate. o Bank Passbook. o Aadhaar Card. 2. Originals of: o Laptop purchase bill. o Undertaking form.,,,"{""max_family_income_inr"": 450000, ""categories"": [""SC"", ""ST""], ""levels"": [""UG"", ""PG"", ""PHD""]}",EXPIRED,VERIFIED,100.0,2026-10-02T08:44:50+00:00,2026-10-02T15:41:48+00:00,,9,0,university
37,girl child welfare scheme|sharda.ac.in,Girl Child Welfare Scheme,Hon'ble Chancellor Sh PK Gupta Ji,university,https://www.sharda.ac.in/scholarship,www.sharda.ac.in,100% fee waiver for the first and second years,,B.Tech Electronics with VLSI Specialization,80% marks in Class XII results or have a CUET score of 80%,,,girls,,"Tamil Nadu, Andhra Pradesh,or Telangana","Sharda University,Greater Noida",,"This scheme offers 30 seats in B.Tech Electronics with VLSI Specialization at Sharda University,Greater Noida, with a 100% fee waiver for the first and second years.",,2025-08-31,,,,"{""min_percentage"": 80.0, ""gender"": ""female"", ""domicile_states"": [""Tamil Nadu"", ""Andhra Pradesh"", ""Telangana""]}",EXPIRED,VERIFIED,95.0,2026-10-02T06:33:28+00:00,2026-10-02T15:41:48+00:00,,9,0,university
41,national fellowship for higher education of st students nfst|tribal.nic.in,National Fellowship for Higher Education of ST students (NFST),"The Ministry of Tribal Affairs, Government of India",government,https://tribal.nic.in/WriteReadData/Highlights/Documents/202508010835389098012Inviteapplications4NFS202526.pdf,https://fellowship.tribal.gov.in/,,Ph.D. programmes,,,,,,ST,,,,The Fellowship is awarded to students selected for pursuing Ph.D. programmes.,2025-08-01,2025-09-30,,,,"{""categories"": [""ST""], ""levels"": [""PHD""]}",EXPIRED,VERIFIED,95.0,2026-10-02T06:34:32+00:00,2026-10-02T15:41:48+00:00,,9,0,government
95,netaji subhas icar international fellowship ns icar if|cgimunich.gov.in,Netaji Subhas - ICAR International Fellowship (NS-ICAR IF),Indian Council of Agricultural Research,government,https://cgimunich.gov.in/public_files/assets/pdf/whatsnew_Netaji_Subhas_ICAR_International_Fellowship_090926.pdf,www.icar.org.in,"US$ 2,000/- per month US$ 1,000/- per year",Master's degree,agriculture and allied sciences,Overall Grade Point Average (OGPA) 6.60 out of 10.0 or 65% marks or equivalent,,35 years,,,Indian as well as overseas nationals,identified overseas Universities/Institutions having strong research and teaching capabilities,,The Indian Council of Agricultural Research (ICAR) invites applications from Indian as well as overseas nationals having Master’s degree in Agriculture and Allied Sciences for the Netaji Subhas-ICAR International Fellowships (NS-ICARIFs) for the year 2026.,,2026-09-25,Copies of Research papers should be attached.,"The candidates will be evaluated based on parameters/weighted scale thereby taking into account the relevance of the area of study, the proposed research plan, academic records, achievements and past work experience of the candidate.",Satisfactory progress in studies will be essential for the continuance of the fellowship during the period of study as reflected by the grades secured and certification by the advisor/ supervisor.,"{""min_percentage"": 65.0, ""max_age"": 40, ""levels"": [""UG"", ""PG""]}",EXPIRED,VERIFIED,95.0,2026-10-02T07:40:20+00:00,2026-10-02T15:41:48+00:00,,9,0,government
154,women scientist fellowship programme|icmr.gov.in,Women Scientist Fellowship Programme,DEPARTMENT OF HEALTH RESEARCH (MoHFW),government,https://www.icmr.gov.in/icmrobject/uploads/Call/1790596857_calln_rdhr.pdf,https://schemes.dhr.gov.in/,,,,,,,Women,,"North Eastern States (Arunachal Pradesh, Assam, Manipur,
Meghalaya, Mizoram, Nagaland, Sikkim and Tripura)",,,"Eligible applicants from North Eastern States (Arunachal Pradesh, Assam, Manipur, Meghalaya, Mizoram, Nagaland, Sikkim and Tripura) may apply for the Women Scientist Fellowship Programme.",,2026-11-30,,All Fellowships are subjected approval by Technical Evaluation Committee / Project Approval Committee and availability of funds under the Scheme.,,"{""gender"": ""female"", ""domicile_states"": [""Arunachal Pradesh"", ""Assam"", ""Manipur"", ""Meghalaya"", ""Mizoram"", ""Nagaland"", ""Sikkim"", ""Tripura""]}",ACTIVE,VERIFIED,95.0,2026-10-02T08:34:35+00:00,2026-10-02T15:41:48+00:00,,9,0,government
180,b r samaga scholarship|nitk.ac.in,B R Samaga scholarship,"National Institute of Technology Karnataka, Surathkal",university,https://www.nitk.ac.in/document/attachments/9436/Applications_for_Institute_Scholarship_-_2025_-26.pdf,https://forms.gle/zWhuFE7cLYtKHyhn7,"Rs. 10,000/-",Second year,B.Tech.,CGPA greater than or equal to 6.0 in both semesters of the FIRST year B.Tech,,,,,,"National Institute of Technology Karnataka, Surathkal",,"The student should be in the Second year of B.Tech. class from an economically disadvantaged background, securing a CGPA greater than or equal to 6.0 in both semesters of the FIRST year B.Tech.",2026-02-25,2026-03-06,"1) Income certificate, 2) Bank passbook copy, 3) Caste certificate, 4) Grade card copy (First year)",,,"{""levels"": [""UG""]}",EXPIRED,VERIFIED,95.0,2026-10-02T08:43:59+00:00,2026-10-02T15:41:48+00:00,,9,0,university
99,duo cimea italy fellowship programme|ugc.gov.in,DUO-CIMEA/Italy Fellowship Programme,CIMEA,government,https://www.ugc.gov.in/pdfnews/8894026_DUO-CIMEA---Call-for-Application-Letter.pdf,https://www.cimea.it/pagina-duo-cimea-italia,"Minimum amount on monthly basis is 1.500 € and maximum is 5.000 €, excluding travel expenses (minimum 1.000 € and maximum 3.500 €).",Ph.D students,"Law and Social Science, History, Language and Literature, International relations",,,,,,India,Asian university,,"DUO-CIMEA/Italy is open to applications from professors, researchers, or PhD students of Asian and Italian institutions for academic exchanges.",,2026-10-31,"1) The 20025/26 application form duly completed by both applicants. The form must be typewritten and in PDF format. Authenticated electronic signatures of PDF documents are allowed. 2) A copy of the academic cooperation agreement (Memorandum of Understanding) between CIMEA or CIMEA Italian affiliated institution/entity and Asian institution or, in the absence of an MoU, a declaration of intent, i.e. a letter co-signed (or two separate letters signed) by the authorities of two institutions. 3) A copy of Passport of applicants. 4) A copy of CV of applicants (no more than 5 pages for each applicant).",A CIMEA Selection Committee will make the selection after the application deadline.,,"{""levels"": [""PHD""]}",REVIEW_REQUIRED,REVIEW_REQUIRED,94.6,2026-10-02T07:40:45+00:00,2026-10-02T15:41:48+00:00,,9,0,government
46,reliance foundation undergraduate scholarships|reliancefoundation.org,Reliance Foundation Undergraduate Scholarships,Reliance Foundation,foundation_trust,https://www.reliancefoundation.org/media/media-release/Reliance_Foundation_Scholarships_2026-27,https://scholarships.reliancefoundation.org/,up to Rs. 2 lakhs,first-year undergraduate,,,,,,,across India,,,"The Reliance Foundation Undergraduate Scholarships support 5,000 meritorious students every year, through a merit-cum-means selection process, enabling deserving students from diverse socio-economic backgrounds to pursue higher education and realise aspirations.",,,,The undergraduate selection process includes an aptitude assessment and financial background,,"{""levels"": [""UG""]}",REVIEW_REQUIRED,REVIEW_REQUIRED,90.0,2026-10-02T06:35:25+00:00,2026-10-02T15:41:48+00:00,,9,0,foundation_trust
47,reliance foundation postgraduate scholarships|reliancefoundation.org,Reliance Foundation Postgraduate Scholarships,Reliance Foundation,foundation_trust,https://www.reliancefoundation.org/media/media-release/Reliance_Foundation_Scholarships_2026-27,https://scholarships.reliancefoundation.org/,up to Rs. 6 lakhs,first-year postgraduate,"Engineering, Technology, Energy and Life Sciences",,,,,,across India,,,"The Reliance Foundation Postgraduate Scholarships recognise 100 exceptional students annually, pursuing future-ready disciplines, including Engineering, Technology, Energy and Life Sciences.",,,,"postgraduate applicants will be assessed through academic merit, aptitude and other selection parameters",,"{""levels"": [""PG""]}",REVIEW_REQUIRED,REVIEW_REQUIRED,90.0,2026-10-02T06:35:25+00:00,2026-10-02T15:41:48+00:00,,9,0,foundation_trust
93,short term fellowship abroad|schemes.dhr.gov.in,Short-Term Fellowship Abroad,Department of Health Research,government,https://schemes.dhr.gov.in/uploads/advertisement/extension-of-STFA-LTFA-2026.pdf,https://intfel.icmr.org.in/ihd/Home,,,clinical/medicine/health sciences,,,Below 57 years as on last date of receipt of application,,,,,,This fellowship programme under the Human Research Development (HRD) scheme of the Department of Health Research is intended to create a pool of talented health research personnel by facilitating advanced training and exposure to the latest advancements in knowledge through interaction with the international scientists in emerging areas of clinical/medicine/health sciences.,2026-04-22,2026-07-15,,"The selection process is competitive, and there is no guarantee of being selected for the fellowship if applicants choose to apply to these specific international institutes.",,"{""max_age"": 57}",EXPIRED,REVIEW_REQUIRED,90.0,2026-10-02T07:40:15+00:00,2026-10-02T15:41:48+00:00,,9,0,government
94,long term fellowships abroad|schemes.dhr.gov.in,Long-Term Fellowships Abroad,Department of Health Research,government,https://schemes.dhr.gov.in/uploads/advertisement/extension-of-STFA-LTFA-2026.pdf,https://intfel.icmr.org.in/ihd/Home,,,clinical/medicine/health sciences,,,Below 45 years as on last date of receipt of application,,,,,,This fellowship programme under the Human Research Development (HRD) scheme of the Department of Health Research is intended to create a pool of talented health research personnel by facilitating advanced training and exposure to the latest advancements in knowledge through interaction with the international scientists in emerging areas of clinical/medicine/health sciences.,2026-04-22,2026-07-15,,"The selection process is competitive, and there is no guarantee of being selected for the fellowship if applicants choose to apply to these specific international institutes.",,"{""max_age"": 45}",EXPIRED,REVIEW_REQUIRED,90.0,2026-10-02T07:40:15+00:00,2026-10-02T15:41:48+00:00,,9,0,government
96,wise fellowship for ph d wise phd|dst.gov.in,WISE Fellowship for Ph.D. (WISE-PhD),Department of Science and Technology,government,https://dst.gov.in/wise-fellowship-phd-wise-phd,https://onlinedst.gov.in,"This Programme provides fellowship of the applicant @Rs. 37,000/- per month along with House Rent Allowances (HRA) as per norms, Research Grant of Rs. 1.00 lakh per year and Institutional overhead charges @Rs. 0.50 lakh per year.",Ph.D.,(1) Physical and Mathematical Sciences [PM]; (2) Chemical Sciences [CS]; (3) Life Sciences [LS]; (4) Earth and Atmospheric Sciences [EA]; and (5) Engineering & Technology [ET],,,The minimum age to apply in the programme is 27 years and maximum is 45 years (Relaxation of 3 years in the upper age limit is allowed for SC/ ST/ PH candidates).,Women,,,,,Women who have Post Graduation in Basic or Applied Sciences or equivalent degree and wish to pursue PhD in basic & applied sciences can apply in WISE-PhD programme for financial support.,,2024-12-31,,,,"{""gender"": ""female"", ""levels"": [""PHD""]}",EXPIRED,REVIEW_REQUIRED,90.0,2026-10-02T07:40:26+00:00,2026-10-02T15:41:48+00:00,,9,0,government
135,kotak kanya scholarship|kotakeducationfoundation.org,Kotak Kanya Scholarship,Kotak Education Foundation,foundation_trust,https://www.kotakeducationfoundation.org/kotak-kanya-scholarship,,INR 1.5 lakh*,graduation programs,"Engineering, MBBS, Integrated LLB (5 Years), Integrated BS-MS/BS-Research, in ISER, IISC(Bangalore), or other professional courses (Design, Architecture, etc.)",at least 75% or more marks or equivalent CGPA in Class 12 board examinations,"less than INR 6,00,000",,girl students,,across India,institutes of repute like NIRF/NAAC accredited for professional graduation degrees,,Open for meritorious girl students across India.,2026-07-14,2026-09-30,"Marksheet of previous qualifying examination (Class 12), Income proof of parents/guardians, ITR of parents for FY 2025-26 (if available), Fee structure (for academic year 2026-27), Bonafide student certificate/letter from college, College seat allocation document, College entrance examination scorecard, Aadhaar card, Bank passbook, A passport-size photograph, Disability certificate (if applicable), Death certificate of parent (for single parent/orphan candidates), Photographs of the house",Initial shortlisting of applicants will be based on academic merit and financial background. Top performing girl students will appear for two (2) rounds of interviews. The final selection and the awarding of the scholarship will be based on rank order and at the discretion of Kotak Education Foundation.,"No dropout (from regular academic sessions), No disciplinary issues, Students should receive at least 6 CGPA yearly or should be promoted by the Institute to the next Academic Year.","{""max_family_income_inr"": 600000, ""min_percentage"": 75.0, ""gender"": ""female"", ""levels"": [""UG""]}",EXPIRED,REVIEW_REQUIRED,90.0,2026-10-02T08:32:59+00:00,2026-10-02T15:41:48+00:00,2026-10-02T14:24:04+00:00,9,0,foundation_trust
141,pm yasasvi top class education in schools scheme|coimbatore.nic.in,PM YASASVI Top Class Education in Schools scheme,The Central Government,government,https://coimbatore.nic.in/pm-yasasvi-scholarship-scheme-for-obc-ebc-and-dnt-students,,"financial assistance of up to ₹75,000 per year for Classes 9–10 and ₹1,25,000 per year for Classes 11–12 is provided towards tuition and hostel fees.",Classes 9 to 12,,,₹2.50 lakh,,,"Other Backward Classes (OBC), Economically Backward Classes (EBC) and De-Notified Tribes (DNT)",Tamil Nadu,schools listed as Top Class Schools on the National Scholarship Portal,,Eligible students from Tamil Nadu studying in Classes 9 to 12 in schools listed as Top Class Schools on the National Scholarship Portal may apply for the scholarship.,,2026-09-30,,,Students who received the scholarship during 2025–26 and are studying in Classes 10 or 12 during 2026–27 should complete their renewal application by 30.09.2026.,"{""max_family_income_inr"": 250000, ""categories"": [""OBC"", ""EBC"", ""DNT""], ""levels"": [""SCHOOL""], ""domicile_states"": [""Tamil Nadu""]}",EXPIRED,REVIEW_REQUIRED,90.0,2026-10-02T08:33:27+00:00,2026-10-02T15:41:48+00:00,,9,0,government
156,netaji subhas icar international fellowship|indiainatlanta.gov.in,Netaji Subhas - ICAR International Fellowship - 2026,Indian Council of Agricultural Research (ICAR),government,https://indiainatlanta.gov.in/eoial_pages/NDEx,https://www.icar.org.in/hi/node/26210,,doctoral degree programs,Agriculture and Allied Sciences,,,,,,,Indian Agricultural Universities (AUs) under the ICAR-AU system,,The Fellowships are available to foreign nationals wishing to pursue doctoral degree programs in Agriculture and Allied Sciences at Indian Agricultural Universities (AUs) under the ICAR-AU system.,,2026-09-25,,,,"{""levels"": [""PHD""]}",EXPIRED,REVIEW_REQUIRED,90.0,2026-10-02T08:34:38+00:00,2026-10-02T15:41:48+00:00,,9,0,government
182,veeramma rajashekaraiah scholarship|nitk.ac.in,Veeramma Rajashekaraiah Scholarship,"National Institute of Technology Karnataka, Surathkal",university,https://www.nitk.ac.in/document/attachments/9436/Applications_for_Institute_Scholarship_-_2025_-26.pdf,https://forms.gle/zWhuFE7cLYtKHyhn7,,Second year,B.Tech.,CGPA of 6 and above in both semesters of the First year B.Tech class,,,,,,"National Institute of Technology Karnataka, Surathkal",,The student should be in the Second year B.Tech. from an economically disadvantaged background residing in the NITK Hostel and securing a CGPA of 6 and above in both semesters of the First year B.Tech class.,2026-02-25,2026-03-06,"1) Income certificate, 2) Bank passbook copy, 3) Caste certificate, 4) Grade card copy (First year)",,,"{""levels"": [""UG""]}",EXPIRED,REVIEW_REQUIRED,90.0,2026-10-02T08:43:59+00:00,2026-10-02T15:41:48+00:00,,9,0,university
179,institute merit cum means scholarship fresh|nitk.ac.in,Institute Merit Cum Means Scholarship (Fresh),"National Institute of Technology Karnataka, Surathkal",university,https://www.nitk.ac.in/document/attachments/9436/Applications_for_Institute_Scholarship_-_2025_-26.pdf,https://forms.gle/zWhuFE7cLYtKHyhn7,,First Year,undergraduate,≥ 70% marks at the 10+2 level,< 4.5 Lakhs,,,,,"National Institute of Technology Karnataka, Surathkal",,"Merit–cum-Means Scholarship will be awarded in the institute every year to the top 50 meritorious students in the order of merit based on JEE (Main) All India Rank, subject to the condition that their parents' income is < 4.5 Lakhs and they should have ≥ 70% marks at the 10+2 level or equivalent qualifying examination.",2026-02-25,2026-03-06,,order of merit based on JEE (Main) All India Rank,"Continuation of the scholarship in subsequent years will be based on the academic performance, parents’ income and conduct of the scholars.","{""max_family_income_inr"": 450000, ""min_percentage"": 70.0, ""levels"": [""UG""]}",EXPIRED,REVIEW_REQUIRED,89.6,2026-10-02T08:43:59+00:00,2026-10-02T15:41:48+00:00,,9,0,university
183,batch alumni scholarship|nitk.ac.in,1972 batch Alumni Scholarship,"National Institute of Technology Karnataka, Surathkal",university,https://www.nitk.ac.in/document/attachments/9436/Applications_for_Institute_Scholarship_-_2025_-26.pdf,https://forms.gle/zWhuFE7cLYtKHyhn7,,,B.Tech Programme,CGPA greater than or equal to 6.5 in the previous academic year,less than 1 Lakh,,,,,"National Institute of Technology Karnataka, Surathkal",,,2026-02-25,2026-03-06,"1) Income certificate, 2) Bank passbook copy, 3) Caste certificate, 4) Grade card copy (First year)",awarded in the institute every year to two meritorious students in order of merit based on the CGPA,,"{""max_family_income_inr"": 100000}",EXPIRED,REVIEW_REQUIRED,89.2,2026-10-02T08:43:59+00:00,2026-10-02T15:41:48+00:00,,9,0,university
181,vijayakala t d scholarship|nitk.ac.in,Vijayakala T D Scholarship,"National Institute of Technology Karnataka, Surathkal",university,https://www.nitk.ac.in/document/attachments/9436/Applications_for_Institute_Scholarship_-_2025_-26.pdf,https://forms.gle/zWhuFE7cLYtKHyhn7,,,,Within the Top 20 in Class with the highest CGPA,,,,,,"National Institute of Technology Karnataka, Surathkal",,Only B.Tech. students of the E&E Engineering Department studying in the Fourth/Third/Second year B.Tech. Students who are within the Top 20 in Class with the highest CGPA and from rural backgrounds with low-income families are eligible.,2026-02-25,2026-03-06,,"The first priority will be given to the Fourth year, and if any student is not found eligible, preference will be given to Third and second-year students in order of merit.",,{},EXPIRED,REVIEW_REQUIRED,88.8,2026-10-02T08:43:59+00:00,2026-10-02T15:41:48+00:00,,9,0,university
107,dr v k r v rao endowment book grant|du.ac.in,Dr. V.K.R.V. Rao Endowment Book-Grant,University of Delhi,university,https://www.du.ac.in/index.php?page=opportunities-scholarships,,,1st year of 3 year degree course,3 year degree course,,,,,,,All Colleges,,Children coming from the family of Delhi University Employees only.,,2025-11-30,,,,"{""levels"": [""UG""]}",EXPIRED,REVIEW_REQUIRED,85.0,2026-10-02T07:41:08+00:00,2026-10-02T15:41:48+00:00,,9,0,university
132,genius scholarship test|samglobaluniversity.ac.in,Genius Scholarship Test 2026,SAM Global University,university,https://www.samglobaluniversity.ac.in/top-10-free-online-scholarship-exams-for-class-11th-12th-in-india,https://genius.samglobaluniversity.ac.in/,"₹51,000",Class 11th and 12th students,"Science, Commerce, and Arts",,,,,,,,,Class 11th and 12th students (any stream) can apply.,,,No in Genius exam there is no requirement of any documents.,"The Genius Exam is an annual event where students from different subjects are asked to display their knowledge, thinking skills and problem solving skills.",,"{""levels"": [""CLASS_11_12""]}",REVIEW_REQUIRED,REVIEW_REQUIRED,85.0,2026-10-02T08:32:39+00:00,2026-10-02T15:41:48+00:00,,9,0,university
155,international travel grants|icmr.gov.in,International Travel Grants,DEPARTMENT OF HEALTH RESEARCH (MoHFW),government,https://www.icmr.gov.in/icmrobject/uploads/Call/1790596857_calln_rdhr.pdf,https://schemes.dhr.gov.in/,,,,,,,,,North Eastern states,,,Candidates from North Eastern states are encouraged to apply for these grants.,,,,,,{},REVIEW_REQUIRED,REVIEW_REQUIRED,85.0,2026-10-02T08:34:35+00:00,2026-10-02T15:41:48+00:00,,9,0,government
172,pre matric scholarship for classes ix and x|scholarships.gov.in,Pre-matric Scholarship (For Classes IX and X),"Department of Empowerment of Persons with Disabilities, Government of India",government,https://scholarships.gov.in/public/schemeGuidelines/DEPDGuidelines_1.pdf,www.scholarships.gov.in,"Maintenance Allowance Rs.800/- per month for hostellers, Rs. 500/- per month for day-scholars, Disability Allowances a) Rs. 4,000/- per annum for Visual Impairment/ Intellectual Disabilities. b) Rs 2000/- per annum for All other types of disabilities., Book allowance Rs. 1,000/- per annum.",Classes IX and X,,,Rs. 2.5 lakh,,,,Indian nationals,Government school or in a school recognized by the Govt. or by a Central/State Board of Secondary Education,"benchmark disability i.e. 40% or more disability as defined in ‘Rights of Persons with Disabilities Act, 2016","The candidate should be a regular, full time student studying in classes IX or X in a Government school or in a school recognized by the Govt. or by a Central/State Board of Secondary Education.",,,"photograph, proof of age, disability certificate, income certificate of the parent, tuition fees receipt, last academic qualification certificate",Merit Criteria for Selection will be Percentage of disability as indicated in the disability certificate.,"It will be renewed from year to year provided that, within the total duration of the course which is continuous for a number of years, the scholar secures promotion to the next higher class","{""max_family_income_inr"": 250000, ""levels"": [""SCHOOL""]}",REVIEW_REQUIRED,REVIEW_REQUIRED,85.0,2026-10-02T08:42:54+00:00,2026-10-02T15:41:48+00:00,,9,0,government
143,offer of stipend to meritorious sports persons in south zone of fci|sportsauthorityofindia.nic.in,OFFER OF STIPEND TO MERITORIOUS SPORTS PERSONS IN SOUTH ZONE OF FCI,"FOOD CORPORATION OF INDIA, ZONAL SPORTS & CULTURAL PROMOTION COMMITTEE, SOUTH ZONE",government,https://sportsauthorityofindia.nic.in/sai_new/public/assets/uploads/news/761370ad-8ccd-48e6-bb27-057eba2ff7e3.pdf,,,,,,,"15-18 yrs, 18-24 yrs",,,"ANDHRA PRADESH, TELANGANA, TAMILNADU, KARNATAKA, KERALA, PONDICHERY, ANDAMAN & NICOBAR ISLANDS AND LAKSHADWEEP",,,TALENTED SPORTS PERSONS MEETING THE FOLLOWING ELIGIBILITY CRITERIA CAN APPLY,,2026-02-11,,SHORT LISTED CANDIDATES SHALL BE REQUIRED TO GET THE ORIGINAL CERTIFICATES VERIFIED AT THEIR COST.,,"{""max_age"": 24, ""domicile_states"": [""Andhra Pradesh"", ""Telangana"", ""Karnataka"", ""Kerala"", ""Lakshadweep""]}",EXPIRED,REVIEW_REQUIRED,83.9,2026-10-02T08:33:40+00:00,2026-10-02T15:41:48+00:00,,9,0,government
12,pragati scholarship|aicte.gov.in,PRAGATI SCHOLARSHIP,AICTE,government,https://www.aicte.gov.in/schemes/students-development-schemes,Register,Rs 50000 as incidentals,Degree/ Diploma,,meritorious,,,girls,,,AICTE approved Technical institution,,Scholarship/Contingency is awarded to meritorious girls taking admission in AICTE approved Technical institution at Degree/ Diploma.,,,,,,"{""gender"": ""female"", ""levels"": [""DIPLOMA"", ""UG""]}",REVIEW_REQUIRED,REVIEW_REQUIRED,80.0,2026-10-02T06:18:18+00:00,2026-10-02T15:41:48+00:00,,9,0,government
13,saksham scholarship|aicte.gov.in,SAKSHAM SCHOLARSHIP,AICTE,government,https://www.aicte.gov.in/schemes/students-development-schemes,Register,Rs 50000 as incidentals,Degree/ Diploma,,,,,,,,AICTE approved Technical institution,Differently abled,Scholarship/Contingency is awarded to Differently abled students taking admission in AICTE approved Technical institution at Degree/ Diploma.,,,,,,"{""levels"": [""DIPLOMA"", ""UG""]}",REVIEW_REQUIRED,REVIEW_REQUIRED,80.0,2026-10-02T06:18:18+00:00,2026-10-02T15:41:48+00:00,,9,0,government
82,iccr scholarships for academic year|roiramallah.gov.in,ICCR Scholarships for Academic Year 2026–2027,ICCR,government,https://roiramallah.gov.in/public_files/assets/pdf/ICCR_Scholarship-Extension_of_Application_Deadline_160426.pdf,http://a2ascholarships.iccr.gov.in,,,,,,,,,,,,,,2026-04-22,,,,{},EXPIRED,REVIEW_REQUIRED,80.0,2026-10-02T07:39:21+00:00,2026-10-02T15:41:48+00:00,,9,0,government
91,document based scholarship|allen.ac.in,Document-Based Scholarship,ALLEN Career Institute,university,https://www.allen.ac.in/delhi/2026-27/scholarship-rules.asp,www.allen.in,,,,,,,,,,,,Scholarship eligibility criteria are mentioned in the relevant Course Page on our website.,,2026-09-30,"Cancelled Cheque or bank passbook first page copy, along with the scholarship documents",,,{},EXPIRED,REVIEW_REQUIRED,80.0,2026-10-02T07:40:09+00:00,2026-10-02T15:41:48+00:00,,9,0,university
98,scholarships for indian students to study in russia|ugc.gov.in,Scholarships for Indian students to study in Russia,The Government of the Russian Federation,government,https://www.ugc.gov.in/pdfnews/1286760_Public-Notice-Scholarship-Indians-study-Russia.pdf,https://www.education-in-russia.com,,"bachelor's, specialist's, master's and M. Phi I. programs, advanced training courses","medicine, pharmacy, engineering, architecture, agriculture, management, econom 1cs. humanities and social sciences, mathematics, space, aviation, sports, art, etc.",,,,,,Indian,,,The Russian federation is offering scholarships for the academic year 2026-27 to Indian students for pursuing their higher education in Russia.,,,"diploma of the previous education; a portfolio (scientific publications; a letter of recommendation signed by the rector or vice-rector of the Russian university chosen by the candidate; certificates of the winner of international or national competitions, olympiads)","The assessment of the dossier consists of two assessments: the average grade for the diploma of the previous education; a portfolio (scientific publications; a letter of recommendation signed by the rector or vice-rector of the Russian university chosen by the candidate; certificates of the winner of international or national competitions, olympiads). The selection is carried out in two stages.",,"{""levels"": [""UG"", ""PG"", ""PHD""]}",REVIEW_REQUIRED,REVIEW_REQUIRED,80.0,2026-10-02T07:40:38+00:00,2026-10-02T15:41:48+00:00,,9,0,government
110,prime minister s scholarship scheme pmss|scholarships.gov.in,Prime Minister’s Scholarship Scheme (PMSS),National Defence Fund,government,https://scholarships.gov.in/public/FAQ/FAQonPMSSS.pdf,www.scholarship.gov.in,"₹3,000/month for girls and ₹2,500/month for boys (paid annually)","10+2, diploma or graduation","Only the first professional degree courses such as BE, B.Tech, MBBS, BDS, BBA, BCA, B.Pharma, B.Sc Nursing etc.",at least 60% in the Minimum Entry Qualification (MEQ),,,,,,"institutions not recognized by UGC, AICTE, MCI, or other regulatory bodies",,"Eligible applicants include wards/widows of CAPFs & AR personnel who killed in action or died for causes attributable to Government service, wards of disabled personnel, wards of personnel in receipt of Gallantry Awards, wards of retired and serving CAPFs & AR personnel (PBOR), and wards of States/UTs Police personnel martyred in Terror/Naxal attacks.",,,Service certificate (Annexure-A) for serving personnel. PPO/Discharge/Death/Disability/Gallantry award certificate (as applicable). Bonafide certificate from institution. Self-attested MEQ mark sheet. For States/UTs Police: A certificate confirming martyrdom in Terror/Naxal attack issued by the State Govt.,"Selection is based on Category preference, Percentage in MEQ, Age (higher age preferred), Parent's rank (lower rank preferred).",Must pass each academic year with at least 50% marks.,"{""min_percentage"": 60.0, ""levels"": [""DIPLOMA"", ""UG""]}",REVIEW_REQUIRED,REVIEW_REQUIRED,80.0,2026-10-02T07:41:31+00:00,2026-10-02T15:41:48+00:00,,9,0,government
125,merit cum means based scholarship|minoritywelfare.uk.gov.in,MERIT CUM MEANS BASED SCHOLARSHIP,"Minority Welfare, Uttarakhand",government,https://minoritywelfare.uk.gov.in/scheme/merit-cum-means-based-scholarship,https://scholarships.gov.in,"Maintenance Allowance (for 10 months only) Max 10,000 per annum अधिकतम 20,000 Per Annum Course Fee Maximum 5,000 per annum Maximum5,000 per annum Total 30,000/- 25,000/-",undergraduate and post graduate level,professional and technical courses,secured not less than 50% marks or equivalent grade in the previous final examination,does not exceed Rs.2.50 lakh,,,minority communities,,Government or private institution,,"Students from minority communities, who are institutional students of any recognized government/non-government educational institution and have scored 50 percent marks in the final exam, will be eligible.",,,,,,"{""max_family_income_inr"": 250000, ""min_percentage"": 50.0, ""categories"": [""MINORITY""], ""levels"": [""UG"", ""PG""]}",REVIEW_REQUIRED,REVIEW_REQUIRED,80.0,2026-10-02T08:31:48+00:00,2026-10-02T15:41:48+00:00,,9,0,government
127,merit cum means based scholarship|scholarships.gov.in,MERIT CUM MEANS BASED SCHOLARSHIP,"Ministry of Minority Affairs, Government of India",government,https://scholarships.gov.in/public/schemeGuidelines/MoMA_MCM_2018-20.pdf,www.scholarships.gov.in,"Rate of Scholarship- Rs. 20,000/- per annum subject to actuals whichever Course Fee is less (for both Hosteller & Day Scholar)
Rs. 1,000/- per month* for Hosteller
Maintenance Allowance
Rs. 500/- per month* for Day Scholar
Scholarship for listed institutes
Full course fee is reimbursed for 85 listed Institutes.",undergraduate and post graduate level,technical and professional courses,not less than 50% marks or equivalent grade in the previous final examination,does not exceed Rs.2.50 lakh,,,"Muslims, Sikhs, Christians, Buddhists, Jain and Zoroastrians (Parsis)",,"Government or private institution, selected and notified in a transparent manner by the State Government/Union Territory Administration concerned",,Scholarship will be awarded to the students who have secured not less than 50% marks or equivalent grade in the previous final examination and the annual income of whose parents/guardians from all sources does not exceed Rs.2.50 lakh.,,,"An Income Certificate, Self-Certified Community Certificate, Aadhaar number","Within the State-wise allocations, the applications from Listed Institutions will be exhausted first in merit list. In case number of such students is more than the State/Community-wise quota, normal merit list criteria shall be followed. Other verified applicant/student will be selected in the merit list, thereafter, on merit basis i.e. Percentage/marks of last academic course/board (higher secondary / graduation) exam.","The scholarship, once awarded, may be renewed during the next academic year of the course on the production of certificate that the student has secured 50% marks in the previous year’s examination","{""max_family_income_inr"": 250000, ""min_percentage"": 50.0, ""categories"": [""MINORITY""], ""levels"": [""UG"", ""PG""]}",REVIEW_REQUIRED,REVIEW_REQUIRED,80.0,2026-10-02T08:32:02+00:00,2026-10-02T15:41:48+00:00,,9,0,government
134,ncert doctoral fellowships|ncert.nic.in,NCERT Doctoral Fellowships,The National Council of Educational Research and Training (NCERT),government,https://ncert.nic.in/division/der/pdf/NDF_2025_English.pdf,www.ncert.nic.in,"Rs.35,000/- per month (for Non-
NET) and Rs.37,000/- per month (in case of UGC-NET qualified candidates) for a maximum
period of three years. They will also receive a contingency grant of Rs.10,000/- per annum
during this period.",Ph.D.,Ph.D.,"Good Academic record with at least 60% marks at both Graduate and Post
Graduate Levels.",,"Candidates should not be more than 35 years of age as on the last date of receipt
of applications.",,,,recognized university/research institution,,Candidates registered for Ph.D. degree in a recognized university/ or working towards their Ph.D. registration with at least 60% marks at both Graduate and Post Graduate Levels and not more than 35 years of age are eligible to apply.,,,Attested copies of all mark sheets/certificates and proof of Ph.D. registration (if already registered) should also be sent with the application,"The Shortlisted candidates will be required to appear for an interview-cum-presentation
of the proposals. The final selection will be made on the recommendation of the expert
committee constitute for this purpose.","Release of the quarterly fellowship from second quarter onwards will be subject
to receipt of the said certificate.","{""min_percentage"": 60.0, ""max_age"": 35, ""levels"": [""PHD""]}",REVIEW_REQUIRED,REVIEW_REQUIRED,80.0,2026-10-02T08:32:53+00:00,2026-10-02T15:41:48+00:00,,9,0,government
136,central sector scheme of top class education in schools for obc ebc dnt students|dosje.gov.in,"Central Sector Scheme of Top Class Education in Schools for OBC, EBC & DNT Students",Development and Welfare Board for De-Notified Nomadic and Semi Nomadic Communities (DWBDNC),government,https://www.dosje.gov.in/schemes-and-services/pm-yasasvi,,"Grants will be provided for tuition fee, hostel fee and other charges as required by the school, subject to a maximum of Rs. 75,000/- every year per student of class 9 and 10 and Rs. 1,25,000/- per annum per student of class 11 and 12.",Students in Classes 9th entering and 11th to 12th,,,Less than 2.5 Lakhs,,,"OBC, EBC & DNT",,top class schools as listed here,,"Students Entering Class 10th and 12th, with Total Family Income: Less than 2.5 Lakhs, 30% Reservation for Girl Students, Students studying at top class schools as listed here.",,,"1. Aadhaar Card
2. Passport size photograph
3. Educational qualification marksheets/certificates
4. Valid Income certificate issued by the competent Authority
5. Domicile Certificate
6. Caste/Community Certificate issued by the competent authority
7. Disability certificate, if applicable
8. Bank Account details","1) Registration on the National Scholarship Portal
2) Providing details of marks recieved in the previous year’s annual examination
3)Providing bank account details
4) Shortlisting of selected students and direct transfer through DBT to student’s bank account",,"{""max_family_income_inr"": 250000, ""categories"": [""OBC"", ""EBC"", ""DNT""], ""levels"": [""SCHOOL"", ""CLASS_11_12""]}",REVIEW_REQUIRED,REVIEW_REQUIRED,80.0,2026-10-02T08:33:12+00:00,2026-10-02T15:41:48+00:00,,9,0,government
137,central sector scheme of top class education in colleges for obc ebc dnt students|dosje.gov.in,"Central Sector Scheme of Top Class Education in Colleges for OBC,EBC& DNT Students",Development and Welfare Board for De-Notified Nomadic and Semi Nomadic Communities (DWBDNC),government,https://www.dosje.gov.in/schemes-and-services/pm-yasasvi,,"1) Scholarship of Rs. 2 lakhs per annum per student for Private sector institutions
2)Living Expenses of Rs.3000, Books & Stationery of 5,000/annum
3) Latest Computer/Laptop of Rs.45,000.",College and Graduation Students,,,Less than 2.5Lakhs,,,"OBC, DNT or EBC",,one of the colleges listed here,,"Total Family Annual Income: Less than 2.5Lakhs, Student must be OBC, DNT or EBC to be eligible, 30% Reservation for Girl Students, Students must have gotten admission into one of the colleges listed here",,,"1. Aadhaar Card
2. Passport size photograph
3. Educational qualification marksheets/certificates
4. Valid Income certificate issued by the competent Authority
5. Domicile Certificate
6. Caste/Community Certificate issued by the competent authority
7. Disability certificate, if applicable
8. Bank Account details
9. Admission Rank Proof
10. Proof of fee details to claim the scholarship","1) Students who have been selected on the basis of merit as per various competitive exams can apply.
2) Eligible Students can apply for the scheme on the National Scholarship Portal where they will have to upload their income certificate and caste certificate, along with details of their bank account, admission rank and fee details. The institution will confirm all of these details and then forward them to the Ministry.",at the start of the new academic year (for renewal),"{""max_family_income_inr"": 250000, ""categories"": [""OBC"", ""DNT"", ""EBC""], ""levels"": [""UG""]}",REVIEW_REQUIRED,REVIEW_REQUIRED,80.0,2026-10-02T08:33:12+00:00,2026-10-02T15:41:48+00:00,,9,0,government
138,pre matric scholarship|dosje.gov.in,Pre Matric Scholarship,Development and Welfare Board for De-Notified Nomadic and Semi Nomadic Communities (DWBDNC),government,https://www.dosje.gov.in/schemes-and-services/pm-yasasvi,,"Academic Allowance of 4,000Rs. per annum",Students in Class 9th and 10th,,,Less than 2.5Lakhs,,,"OBC, DNT or EBC",,,Persons with Disabilities,"Total Family Annual Income: Less than 2.5Lakhs, Student must be OBC, DNT or EBC to be eligible, 30% Reservation for Girl Students, 5% Reservation for Persons with Disabilities",,,"1. Aadhar Card
2. DNT Certificate
3. Income Certificate",Signing up on the YASASVI Website and applying on the portal,,"{""max_family_income_inr"": 250000, ""categories"": [""OBC"", ""DNT"", ""EBC""], ""levels"": [""SCHOOL""]}",REVIEW_REQUIRED,REVIEW_REQUIRED,80.0,2026-10-02T08:33:12+00:00,2026-10-02T15:41:48+00:00,,9,0,government
140,post matric scholarship nomadic semi nomadic post matric eligibility scholarship fee concession and vidyasiri food accommodation assistance scheme|bcwd.karnataka.gov.in,"Post-Matric Scholarship, Nomadic/Semi-Nomadic Post-Matric Eligibility Scholarship, Fee Concession, and Vidyasiri-Food Accommodation & Assistance Scheme",Backward Classes Welfare Department,government,https://bcwd.karnataka.gov.in/163/2026-27-post-matric-scholarship/en,,,,,,,,,Backward Class students and Category-1 Nomadic/Semi-Nomadic students,,,,"Online applications are invited from Backward Class students and Category-1 Nomadic/Semi-Nomadic students for the Post-Matric Scholarship, Nomadic/Semi-Nomadic Post-Matric Eligibility Scholarship, Fee Concession, and Vidyasiri-Food Accommodation & Assistance Scheme for the year 2026-27.",,2026-10-31,,,,"{""categories"": [""OBC""]}",REVIEW_REQUIRED,REVIEW_REQUIRED,80.0,2026-10-02T08:33:15+00:00,2026-10-02T15:41:48+00:00,,9,0,government
169,scheme of top class scholarship for sc students|scholarships.gov.in,Scheme of Top Class Scholarship for SC Students,Ministry of Social Justice and Empowerment,government,https://scholarships.gov.in/public/schemeGuidelines/Top_Class_Education_Scheme_2018.pdf,,"full tuition fee and non-refundable charges (there will be a ceiling of Rs. 2.00 lakh per annum per student for private sector institutions (ii) Academic allowance of Rs. 86,000 in the first year of study and Rs. 41,000 in every subsequent year",beyond 12th class,,,Rs. 8.00 lakh,,,SC,,notified institutions,,"Those SC students having total annual family income from all sources up to Rs. 8.00 lakh and having secured admission in a full-time prescribed course in any of the notified institutions according to the general selection criteria prescribed by the concerned institution, will be eligible for scholarship under the Scheme to the extent of the number of scholarships (slots) allocated to the institution for the course.",,,"income certificate and caste certificate on the Portal along with details of their bank account, Admission Rank and Fee details","In the case of fresh entrants i.e. to the first year of the course, the institution will select eligible SC students on the basis of merit as per the entrance examination merit list","The scholarship, once awarded, will continue till the completion of the course, subject to satisfactory performance of the student.","{""max_family_income_inr"": 800000, ""categories"": [""SC""], ""levels"": [""UG"", ""PG"", ""PHD""]}",REVIEW_REQUIRED,REVIEW_REQUIRED,80.0,2026-10-02T08:42:14+00:00,2026-10-02T15:41:48+00:00,,9,0,government
101,national overseas scholarship scheme|socialjustice.gov.in,National Overseas Scholarship Scheme,Ministry of SJ&E,government,https://socialjustice.gov.in/writereaddata/UploadFile/68641776927848.pdf,www.nosmsje.gov.in,,Masters level courses and Ph.D. courses,Master degree or Ph.D. courses,at least 60% marks or equivalent grade in the qualifying examination,Gross annual family income from all sources shall not exceed Rs. 8.00 lakh per annum in the last completed financial year,"Not more than 35 (Thirty Five) years, as on first day of April for selection year.",,"Scheduled Castes, Denotified, Nomadic and Semi-Nomadic Tribes, Landless Agricultural Labourers and Traditional Artisans",,Institutions/Universities accredited by the Government/authorized body of that country,,"The Central Sector Scheme of National Overseas Scholarship Scheme is to facilitate the low income students belonging to the Scheduled Castes, Denotified, Nomadic and Semi-Nomadic Tribes, Landless Agricultural Labourers and Traditional Artisans category to obtain higher education viz., Master degree or Ph.D. courses by studying abroad thereby improving their Economic and Social status.",,,"Aadhar card, complete ITR/ITRs along with the Centralized Processing Centre (CPC) intimation order under Section 143(1), Income certificate, Marksheet for all semesters, formula for conversion of CGPA to numerical marks (wherever applicable)","merit list of the eligible candidates shall be drawn up on the basis of the rank, as per the latest available QS ranking, of the foreign Universities/Institutions from where the candidate has received the offer of admission and scholarships shall be awarded in order of this merit",,"{""max_family_income_inr"": 800000, ""min_percentage"": 60.0, ""max_age"": 35, ""categories"": [""SC"", ""DNT""], ""levels"": [""UG"", ""PG"", ""PHD""]}",REVIEW_REQUIRED,REVIEW_REQUIRED,79.6,2026-10-02T07:40:58+00:00,2026-10-02T15:41:48+00:00,,9,0,government
100,scheme of top class scholarship for sc students|socialjustice.gov.in,Scheme of Top Class Scholarship for SC Students,Ministry of Social Justice and Empowerment,government,https://socialjustice.gov.in/writereaddata/UploadFile/81931782276781.pdf,,"full tuition fee and non-refundable charges (there will be a ceiling of Rs. 2.00 lakh per annum per student for private sector institutions (ii) Academic allowance of Rs. 86,000 in the first year of study and Rs. 41,000 in every subsequent year, to take care of living expenses, books and stationery, computer/laptop of reputed brand with accessories like UPS and printer, etc.",beyond 12th class,,,"total annual family income from all sources up to Rs. 8.00
lakh",,,,,all the institutions notified by the Ministry of Social Justice and Empowerment,,"Those SC students having total annual family income from all sources up to Rs. 8.00 lakh and having secured admission in a full-time prescribed course in any of the notified institutions according to the general selection criteria prescribed by the concerned institution, will be eligible for scholarship under the Scheme to the extent of the number of scholarships (slots) allocated to the institution for the course.",,,"income certificate and caste certificate on the Portal along with details of their bank account, Admission Rank and Fee details","In the case of fresh entrants i.e. to the first year of the course, the institution will select eligible SC students on the basis of merit as per the entrance examination merit list ensuring at least reservation of 30% of the slots to girl students.","The scholarship, once awarded, will continue till the completion of the course, subject to satisfactory performance of the student.","{""max_family_income_inr"": 800000, ""levels"": [""UG"", ""PG"", ""PHD""]}",REVIEW_REQUIRED,REVIEW_REQUIRED,79.5,2026-10-02T07:40:51+00:00,2026-10-02T15:41:48+00:00,,9,0,government
173,post matric scholarship for class xi to post graduate degree diploma|scholarships.gov.in,Post-matric Scholarship (For Class XI to Post-Graduate Degree/Diploma),"Department of Empowerment of Persons with Disabilities, Government of India",government,https://scholarships.gov.in/public/schemeGuidelines/DEPDGuidelines_1.pdf,www.scholarships.gov.in,,,recognized post-matric or post-secondary courses (upto Master degree level),,,,,,Indian nationals,recognized institutions/Universities,"benchmark disability i.e. 40% or more disability as defined in ‘Rights of Persons with Disabilities Act, 2016",Post- Matric Scholarship will be given for study of all recognized post- matriculation or post-secondary courses (upto Master degree level) pursued in recognized institutions/Universities,,,"photograph, proof of age, disability certificate, income certificate of the parent, tuition fees receipt, last academic qualification certificate",Merit Criteria for Selection will be Percentage of disability as indicated in the disability certificate.,"It will be renewed from year to year provided that, within the total duration of the course which is continuous for a number of years, the scholar secures promotion to the next higher class",{},REVIEW_REQUIRED,REVIEW_REQUIRED,78.9,2026-10-02T08:42:54+00:00,2026-10-02T15:41:48+00:00,,9,0,government
6,aicte yashasvi young achievers scholarship and holistic academic skills venture initiative scheme|aicte.gov.in,AICTE YASHASVI (YOUNG ACHIEVERS’ SCHOLARSHIP AND HOLISTIC ACADEMIC SKILLS VENTURE INITIATIVE) SCHEME 2024,AICTE,government,https://www.aicte.gov.in/schemes/students-development-schemes,Student Registration Link,"Amount of Scholarship Rs. 50,000/- per annum for every year of study i.e. maximum for 4 years for
first year admitted students and 3 years for Lateral Entry Students.",Diploma and UG level,"core branches of Engineering i.e. Civil, Chemical, Electrical, Electronic and Mechanical Engineering",meritorious,Rs. 8 Lakh per annum,,,,,AICTE approved technical institutions,,A scholarship scheme from AICTE for meritorious students seeking admission in core branches of Engineering in order to motivate students to pursue engineering education at Diploma and UG level in the core branches of engineering.,,,A valid income certificate issued by State/UT Government,The selection of candidate will be carried out solely on the basis of the merit of qualifying examination (12th grade) to pursue the Technical Degree Core branch of Engineering from any of the AICTE approved institutions.,The scholarship will be renewed for the next year of study on receipt of renewal by submitting passing certificate/ mark sheet along with letter from the Head of the Institution on the online portal.,"{""max_family_income_inr"": 800000, ""levels"": [""DIPLOMA"", ""UG""]}",REVIEW_REQUIRED,REVIEW_REQUIRED,75.0,2026-10-02T06:18:18+00:00,2026-10-02T15:41:48+00:00,,9,0,government
7,aicte aura augmenting utilization of research assets scheme|aicte.gov.in,AICTE AURA(Augmenting Utilization of Research Assets) 2024 Scheme,AICTE,government,https://www.aicte.gov.in/schemes/students-development-schemes,Register for AURA Scheme,Rs 2 lakhs,Diploma/ Under Graduate/ Post Graduate,,,,There is no age limit to avail the benefit of the scheme.,,,,AICTE approved Institutions,,"AICTE is launching a scheme named AICTE AURA (Augmenting Utilization of Research Assets) 2024, by providing the financial aid of Rs 2 lakhs to full time/ regular faculty of AICTE approved institutions, students of PG Scholarship Scheme/ ADF Scheme/ QIP Scheme of AICTE and all students of Diploma/ Under Graduate/ Post Graduate studying in AICTE approved Institutions to boost research and mobility of researchers.",,,The payment receipt for utilization of equipment/ facilities registered on I- STEM are required for reimbursement of the fund.,,,"{""levels"": [""DIPLOMA"", ""UG"", ""PG""]}",REVIEW_REQUIRED,REVIEW_REQUIRED,75.0,2026-10-02T06:18:18+00:00,2026-10-02T15:41:48+00:00,,9,0,government
9,pg scholarship|aicte.gov.in,PG Scholarship,AICTE,government,https://www.aicte.gov.in/schemes/students-development-schemes,,"Rs. 12,400/- PM",,M.E./ M. Tech/ M. Arch and M.Pharma courses,GATE/GPAT qualified,,,,,,AICTE approved Institutions/Colleges,,"Scholarship is awarded to full time GATE/GPAT qualified students admitted to M.E./ M. Tech/ M. Arch and M.Pharma courses in AICTE approved Institutions/Colleges @Rs. 12,400/- PM/ student.",,,,,,{},REVIEW_REQUIRED,REVIEW_REQUIRED,75.0,2026-10-02T06:18:18+00:00,2026-10-02T15:41:48+00:00,,9,0,government
10,aicte doctoral fellowship adf|aicte.gov.in,AICTE DOCTORAL FELLOWSHIP (ADF),AICTE,government,https://www.aicte.gov.in/schemes/students-development-schemes,,"The amount of fellowship will be Rs. 37,000/- per month for JRF followed by Rs. 42,000/- per month for SRF. HRA as per Government of India norms",Ph.D.,"Engineering and Technology/ Management/ Design /Planning/ Applied Arts, Crafts and Design/ Computer Application",meritorious,,"The candidate should be below 30 years of age at the time of registration in ADF Scheme along with NOC from the university in case candidate is applying directly (category A).
Or
At the time of submission of application form for admission in university/ institute in case
of (category B).
Age relaxation of 5 years would be applicable to students belonging to
SC/ST/Women/Physically challenged and 3 years for OBC category.",,,,AICTE approved Technical Institutes/University Departments,,Admitting full time meritorious research scholars by providing research fellowship who wants to seek admission to Ph.D. in AICTE approved Technical Institutes/University Departments for carrying out research in thrust areas,,,,Universities will admit candidates in their research programme as per their procedure following minimum eligibility criteria as prescribed by AICTE.,The duration of the Fellowship shall be of maximum 5 Years (60 months) and will have periodic reviews for continuation/ upgradation.,"{""max_age"": 30, ""levels"": [""PHD""]}",REVIEW_REQUIRED,REVIEW_REQUIRED,75.0,2026-10-02T06:18:18+00:00,2026-10-02T15:41:48+00:00,,9,0,government
42,national fellowship for scheduled caste students nfsc|nsfdc.nic.in,National Fellowship for Scheduled Caste Students (NFSC),"Ministry of Social Justice & Empowerment, GoI",government,https://nsfdc.nic.in/nfsc-2,,"Rs. 31,000/- p.m. for initial two years",M.Phil/Ph.D,"Science, Humanities, and Social Science",National Eligibility Test-Junior Research Fellowship (NET-JRF) of UGC or UGC-Council of Scientific and Industrial Research (UGC-CSIR) NET-JRF joint test,,,,SC,,Indian Universities/Institutions recognized by the UGC,Person with Disabilities (PwD) who belongs to SC category,The scheme provides for 2000 new Fellowships (1500 Junior Research Fellows for Humanities/Social Sciences and 500 for Science stream) per year to SC students who have qualified in the UGC NET / Joint CSIR UGC NET exam.,,,"Scheduled Caste Certificate, Aadhar, Aadhaar EID and other alternative documents",SC candidates to be awarded with NFSC are selected by the National Testing Agency (NTA).,"After two years of joining JRF, if the progress in the research work of the awardee is found satisfactory, his/her tenure will be extended for a further period of three years as Senior Research Fellowship (SRF)","{""categories"": [""SC""], ""levels"": [""PG"", ""PHD""]}",REVIEW_REQUIRED,REVIEW_REQUIRED,75.0,2026-10-02T06:34:46+00:00,2026-10-02T15:41:48+00:00,,9,0,government
48,pm usp central sector scheme of scholarship for college and university students csss merit based scheme|scholarships.gov.in,PM-USP – Central Sector Scheme Of Scholarship For College And University Students (CSSS) (Merit Based Scheme),,government,https://scholarships.gov.in/Students,,,College and University Students,,,,,,,,,,,,2026-10-31,,,,"{""levels"": [""UG"", ""PG""]}",REVIEW_REQUIRED,REVIEW_REQUIRED,75.0,2026-10-02T06:35:40+00:00,2026-10-02T15:41:48+00:00,,9,0,government
49,pm usp special scholarship scheme for jammu kashmir and ladakh merit based scheme|scholarships.gov.in,PM USP Special Scholarship Scheme For Jammu Kashmir And Ladakh (Merit Based Scheme),,government,https://scholarships.gov.in/Students,,,,,,,,,,Jammu Kashmir And Ladakh,,,,,2026-10-31,,,,"{""domicile_states"": [""Ladakh""]}",REVIEW_REQUIRED,REVIEW_REQUIRED,75.0,2026-10-02T06:35:40+00:00,2026-10-02T15:41:48+00:00,,9,0,government
105,dr d c pavate memorial fellowship|du.ac.in,DR. D.C. Pavate Memorial Fellowship,University of Delhi,university,https://www.du.ac.in/index.php?page=opportunities-scholarships,,` 350/- per month.**,,"Computer Science courses, BCA or B.Sc. (H)",The student must have secured at least 60% marks in the first year,,,,,,,,"The Scholarship will be awarded to a student of Computer Science courses, BCA or B.Sc. (H) who secures highest marks in the First Year Annual Examination of the BCA – B.Sc. (H) course.",,,,The scholarship shall be awarded by the Academic Council on the commendations of Selection Committee,"The scholarship shall be extendable for the next Third Academic year of the course, if the scholar in the Second year BCA/B.Sc. (H) Examination secures at least First Division 60% marks.","{""min_percentage"": 60.0}",REVIEW_REQUIRED,REVIEW_REQUIRED,75.0,2026-10-02T07:41:08+00:00,2026-10-02T15:41:48+00:00,,9,0,university
111,aicte swanath scholarship scheme for students|scholarships.gov.in,AICTE – SWANATH SCHOLARSHIP SCHEME FOR STUDENTS,All India Council for Technical Education,government,https://scholarships.gov.in/public/schemeGuidelines/AICTE/AICTE_3039_G.pdf,National Scholarship Portal (NSP),"Rs. 50,000.00 per annum for every year of study i.e. maximum 4 years duration for first year admitted Degree students and maximum 3 years for Diploma Students as lump sum amount towards payment of college fee, purchase of computer, stationeries, books, equipment, software etc.",Degree/ Diploma level,,,Rs. 8 lakh per annum,,,,,AICTE Approved institutions,severely disabled (above 80%) in accident,"The Scheme is being implemented by AICTE to provide encouragement and support to orphans, wards of parents died due to Covid-19, wards of Armed Forces and Central Paramilitary Forces martyred in action (Shaheed) to pursue education.",,,"Death Certificates of both Father & Mother (if available) OR A certificate issued by Tehsildar / S D M as per enclosed format (Annexure – I), Bonafide Certificate issued by the institution, 10+2 / equivalent and 10th Mark sheet for Degree Level, 10th /equivalent Mark sheet for Diploma Level, Category Certificate (SC/ST/OBC-NCL)",The selection of candidate will be carried out solely on the basis of merit of qualifying examination to pursue the Degree course from any of the AICTE approved institutions i.e. on the basis of percentage of marks obtained in the 10+2/ equivalent examination.,The scholarship will be renewed for the next year of study on receipt of renewal through National Scholarship Portal (NSP) by submitting promotion certificate along with bonafide certificate from the Head of the Institution on the NSP portal.,"{""max_family_income_inr"": 800000, ""levels"": [""DIPLOMA"", ""UG""]}",REVIEW_REQUIRED,REVIEW_REQUIRED,75.0,2026-10-02T07:41:44+00:00,2026-10-02T15:41:48+00:00,,9,0,government
117,aicte saksham scholarship scheme for specially abled student diploma|scholarships.gov.in,AICTE – SAKSHAM SCHOLARSHIP SCHEME FOR SPECIALLY-ABLED STUDENT (DIPLOMA),AICTE,government,https://scholarships.gov.in/public/schemeGuidelines/AICTE/AICTE_2013_G.pdf,National Scholarship Portal (NSP),"Rs. 50,000/- per annum for every year of study i.e. maximum 3 years for first year admitted students and maximum 2 years second year admitted students through lateral entry as lump sum amount towards payment of college fee, purchase of computer, stationeries, books, equipments, softwares etc.",Diploma,technical education,,Rs. 8 lakh per annum,,,,,AICTE approved Institution,disability of not less than 40%,"The candidate should be admitted to First year of Diploma level course OR Second year of Diploma level course through lateral entry in any of the AICTE approved Institution of respective year, have a disability of not less than 40%, and family income from all sources should not be more than Rs. 8 lakh per annum during the current financial year.",,,valid income certificate issued by State/UT Government,All eligible specially-abled student admitted to First year of Diploma level course OR Second year of Diploma level course through lateral entry in any of the AICTE approved Institution will get the scholarship.,The scholarship will be renewed for the next year of study on receipt of renewal through National Scholarship Portal by submitting passing certificate/ marksheet along with letter from the Head of the Institution on the online portal.,"{""max_family_income_inr"": 800000, ""levels"": [""DIPLOMA""]}",REVIEW_REQUIRED,REVIEW_REQUIRED,75.0,2026-10-02T07:42:26+00:00,2026-10-02T15:41:48+00:00,,9,0,government
121,national scholarship for postgraduate studies|scholarships.gov.in,NATIONAL SCHOLARSHIP FOR POSTGRADUATE STUDIES,UGC,government,https://scholarships.gov.in/public/FAQ/FAQ_NSPG.pdf,National Scholarship Portal (NSP),"Rs.15,000/- per month for 10 months in a year",postgraduate studies,"Arts, Humanities and Social Sciences, Law, Management and other 50% are earmarked for Science, Engineering & Technology, medical, technical, agriculture, forestry programmes",,No,below the age of 30 years of age as on the date of admission in the first semester/year of a PG programme,,,,regular mode students only,,"National Scholarship for Post Graduate Studies (NSPGS) is an umbrella scheme by merging four different scholarship schemes for postgraduate studies i.e. (i) PG Indira Gandhi single girl child scholarship, (ii) PG scholarship for university rank holders, (iii) PG scholarship for SC/ST students pursuing professional courses and (iv) Post Graduate Scholarship for GATE/GPAT.",,,,The selection is done purely on merit basis. The slots are allocated as per Govt. of India reservation policy.,The scholarship are renewed for the next year of study on successful completion of first year of study. The students are required to apply for ‘Renewal’ of their scholarship on the NSP.,"{""max_age"": 30, ""levels"": [""PG""]}",REVIEW_REQUIRED,REVIEW_REQUIRED,75.0,2026-10-02T07:42:50+00:00,2026-10-02T15:41:48+00:00,,9,0,government
122,ishan uday special scholarship scheme for north eastern region|scholarships.gov.in,ISHAN UDAY SPECIAL SCHOLARSHIP SCHEME FOR NORTH EASTERN REGION,UNIVERSITY GRANTS COMMISSION,government,https://scholarships.gov.in/public/schemeGuidelines/Guidelines_ISHAN UDAY_2324.pdf,,"Rs.8,000/- per month for 10 months in a year",UG,"Arts, Humanities and Social Sciences, Law, Management and other 50% are earmarked for Science, Engineering & Technology, medical, technical, agriculture, forestry programmes.",,Rs. 04.50 lakh per annum,,,,any State of NER,"Universities/Colleges/Institutes included under section 2(f) of UGC Act, 1956 and having valid accreditation from NAAC*, Deemed to be Universities under section 3 of the UGC Act 1956 and having valid accreditation from NAAC, Institutions fully funded by Central or State Governments and empowered to award Degrees, Institutions of National Importance.",,"The scholarship is open to those students who have passed Class XII or equivalent examination from a school situated within NER through a recognized Board of Education including Central Board of Secondary Education (CBSE), Indian Certificate of Secondary Education (ICSE), National Institute of Open Schooling (NIOS).",,,Domicile Certificate/Permanent Resident Certificate and Income Certificate issued by the competent authorities and Affidavits etc.,"The selection under the schemes is done purely on the basis of State-wise merit from among the candidates who have applied for the scholarship under the scheme, through online mode only, on the designated portal, i.e., National Scholarship Portal of Government of India.","Scholarship granted under the scheme will be kept renewed during the period of first degree course, subject to good conduct and maintenance of prescribed attendance.","{""max_family_income_inr"": 450000, ""levels"": [""UG""]}",REVIEW_REQUIRED,REVIEW_REQUIRED,75.0,2026-10-02T07:42:57+00:00,2026-10-02T15:41:48+00:00,,9,0,government
153,chief minister fellowship program|mahaces.maharashtra.gov.in,Chief Minister Fellowship Program,Government of Maharashtra,government,https://mahaces.maharashtra.gov.in/FELLOWSHIP,,,,Public Policy,,,,,,,,,,2026-05-08,2026-05-27,,,,{},EXPIRED,REVIEW_REQUIRED,75.0,2026-10-02T08:34:19+00:00,2026-10-02T15:41:48+00:00,,9,0,government
161,central sector scheme of top class education in college for obc ebc and dnt students|scholarships.gov.in,"CENTRAL SECTOR SCHEME OF TOP CLASS EDUCATION IN COLLEGE FOR OBC, EBC AND DNT STUDENTS",Ministry of Social Justice and Empowerment,government,https://scholarships.gov.in/public/schemeGuidelines/ApprovedmodifieddraftofTopClassCollege.pdf,National Scholarship Portal (NSP),(a) full tuition fee and non-refundable charges (there will be a ceiling of Rs. 2.00 lakh per annum per student for private sector institutions and Rs. 3.72 lakhs per annum per student for the private sector flying clubs for Commercial Pilot Training and Type Rating Courses) (b) living expenses to the beneficiary @Rs.3000/-per month per student (c) books and stationery @ Rs. 5000/- per annum per student and (iv) a latest computer/laptop of reputed brand with accessories like UPS and printer limited to Rs.45000/- per student as one time assistance during the course.,studies beyond class XIIth,full-time prescribed course in any of the notified institutions,,Rs. 2.50 lakh,,,"OBC, EBC and DNT",,all the institutions notified by the Ministry of Social Justice and Empowerment,,"Those OBC/EBC/DNT students having total annual family income from all sources up to Rs. 2.50 lakh and having secured admission in a full-time prescribed course in any of the notified institutions according to the general selection criteria prescribed by the concerned institution, will be eligible for scholarship under the Scheme",,,"income certificate and caste certificate on the Portal along with details of their bank account, Admission Rank and Fee details","In the case of new entrants i.e. to the first year of the course, the institution will select eligible OBC/EBC/DNT students on the basis of merit as per the entrance examination merit list.","The scholarship, once awarded, will continue till the completion of the course, subject to satisfactory performance of the student. The students are required to apply for scholarship every year even in case of renewal also.","{""max_family_income_inr"": 250000, ""categories"": [""OBC"", ""EBC"", ""DNT""], ""levels"": [""UG"", ""PG"", ""PHD""]}",REVIEW_REQUIRED,REVIEW_REQUIRED,75.0,2026-10-02T08:38:35+00:00,2026-10-02T15:41:48+00:00,,9,0,government
174,scholarships for top class education for swds|scholarships.gov.in,Scholarships for Top Class Education for SwDs,Department of Empowerment of Persons with Disabilities,government,https://scholarships.gov.in/public/schemeGuidelines/DEPDFAQ.pdf,www.scholarships.gov.in,,Post-graduation Degree/Diploma,,,Rs.8.00 lakh per annum,,,,citizen of India,240 notified Institutes as given in the Scheme guidelines,not less than 40% disability and having a disability certificate issued by the competent medical authority,Students eligible for Post-graduation Degree/Diploma in 240 notified Institutes as given in the Scheme guidelines.,,,"i. Aadhaar ID or if not available Aadhaar enrollment receipt. ii. Disability certificate issued by the competent authority designated by the District Medical officer/civil surgeon of a govt. Hospital. iii. Parental income certificate issued by the designated authority as per scheme (duly signed by revenue authority, form 16 is not acceptable iv. Copy of previous year mark sheet. v. Tuition fee receipt.",School/college/Institute verification and State verification,Students who had been selected for scholarship last year through NSP and the same course is continuing in current year will be considered as renewal.,"{""max_family_income_inr"": 800000, ""levels"": [""PG""]}",REVIEW_REQUIRED,REVIEW_REQUIRED,75.0,2026-10-02T08:43:05+00:00,2026-10-02T15:41:48+00:00,,9,0,government
2,aicte productization fellowship apf|aicte.gov.in,AICTE Productization Fellowship (APF),AICTE,government,https://www.aicte.gov.in/schemes/students-development-schemes,,"Rs 37,000/- per month for a maximum period of one year.",undergraduate/post graduate/ doctoral programme,"Engineering & Technology/ Management/ Design/ Planning/ Applied Arts, Crafts and Design/ Hotel Management and Catering Technology/ Computer Application",,,,,As per Government of India norms.,,AICTE approved Institutions / University Departments,,"AICTE Productization Fellowship (APF) is a new initiative of AICTE, with the objective to support Innovative Ideas that drive future economic growth and contribute to the Nations Vision of ""ATMANIRBHAR BHARAT"" and ""VIKSIT BHARAT@ 2047""",,,relevant documents,Proposal shall be assessed by an expert committee constituted by AICTE on merit basis.,The Quarterly Progress Report with assessment must be uploaded on the AICTE portal within one month of the assessment.,"{""levels"": [""UG"", ""PG"", ""PHD""]}",REVIEW_REQUIRED,REVIEW_REQUIRED,74.6,2026-10-02T06:18:18+00:00,2026-10-02T15:41:48+00:00,,9,0,government
142,pre matric scholarship for scheduled tribe students studying in classes ix x|tribal.nic.in,PRE-MATRIC SCHOLARSHIP FOR SCHEDULED TRIBE STUDENTS STUDYING IN CLASSES IX &X,MINISTRY OF TRIBAL AFFAIRS,government,https://tribal.nic.in/downloads/guidelines/pre-matric/guidelines-Pre-matric-17-Oct-2022.pdf,,"Scholarship for 10 months 225 2250 525 5250
Books and ad hoc Grant 750 1000",Classes IX and X,,,Rs. 2.5 lakh per annum,,,Scheduled Tribe,State/Union Territory to which the applicant belongs,Government School or in a School recognized by Government or a Central/State Board of Secondary Education,Divyangjan student,"Applicant student should belong to the Scheduled Tribe, studying in Classes IX and X in a recognized school with family income not exceeding Rs. 2.5 lakh per annum.",,,"a. Aadhar Number
b. Domicile certificate
c. ST certificate issued by competent authority of State.
d. Family Income Certificate.
e. Disability certificate.
f. Scanned copy of the passport size photograph",All States/UTs are required to develop an online platform for inviting online application and disbursement of scholarship through DBT mode into the bank account of student.,The student can renew scholarship for the next class when he/she is promoted.,"{""max_family_income_inr"": 250000, ""categories"": [""ST""], ""levels"": [""SCHOOL""]}",REVIEW_REQUIRED,REVIEW_REQUIRED,74.6,2026-10-02T08:33:34+00:00,2026-10-02T15:41:48+00:00,,9,0,government
159,scheme of merit cum means based scholarship for students|dom.karnataka.gov.in,SCHEME OF ‘MERIT CUM MEANS BASED SCHOLARSHIP’ FOR STUDENTS,"Ministry of Minority Affairs, Government of India",government,https://dom.karnataka.gov.in/storage/pdf-files/Merit-Cum-Means%20Scholarship/MeritCumMeansGO.pdf,www.scholarships.gov.in,,undergraduate and post graduate level,technical and professional courses,50% marks or equivalent grade in the previous final examination,Rs.2.50 lakh,,,"Muslims, Sikhs, Christians, Buddhists, Jain and Zoroastrians (Parsis)",,"Government or private institution, selected and notified in a transparent manner by the State Government/Union Territory Administration concerned",,Scholarship will be awarded to the students who have secured not less than 50% marks or equivalent grade in the previous final examination and the annual income of whose parents/guardians from all sources does not exceed Rs.2.50 lakh.,,,"An Income Certificate, issued from a Competent Authority in the State/UT Governments is required in respect of parent/guardian of the student. A Self-Certified Community Certificate is required from the student who has attained 18 years of age. For others the Community Certificate certified by parent/guardian of the student is required.","Within the State-wise allocations, the applications from Listed Institutions will be exhausted first in merit list. In case number of such students is more than the State/Community-wise quota, normal merit list criteria shall be followed. Other verified applicant/student will be selected in the merit list, thereafter, on merit basis i.e. Percentage/marks of last academic course/board (higher secondary / graduation) exam. In case of similar marks, income will be taken as deciding factor.","The scholarship, once awarded, may be renewed during the next academic year of the course on the production of certificate that the student has secured 50% marks in the previous year’s examination (each semester / trimester of previous year provided the students pursues the same course in the same Institute).","{""max_family_income_inr"": 250000, ""min_percentage"": 50.0, ""categories"": [""MINORITY""], ""levels"": [""UG"", ""PG""]}",REVIEW_REQUIRED,REVIEW_REQUIRED,74.6,2026-10-02T08:34:59+00:00,2026-10-02T15:41:48+00:00,,9,0,government
187,bharti airtel scholarship program|bhartiairtelfoundation.org,Bharti Airtel Scholarship Program,Bharti Airtel Foundation,foundation_trust,https://bhartiairtelfoundation.org/bharti-airtel-scholarship,,Full tuition coverage,undergraduate,"Electronics & Communication, Telecom, Information Technology, Computer Sciences, Data Sciences, Aerospace, and Emerging Technologies (AI, IoT, AR/VR, Machine Learning, Robotics)",,INR 8 lakh,,,,India,top 50 NIRF Engineering universities/institutes as per the latest list available,,"To be eligible for the Bharti Airtel Scholarship, applicants must fulfill the following criteria:",,,,,subject to meeting renewal criteria,"{""max_family_income_inr"": 800000, ""levels"": [""UG""]}",REVIEW_REQUIRED,REVIEW_REQUIRED,74.5,2026-10-02T15:04:16+00:00,2026-10-02T15:41:48+00:00,,9,0,foundation_trust
192,scheme of merit cum means based scholarship for students belonging to the minority communities|minorityaffairs.gov.in,SCHEME OF ‘MERIT CUM MEANS BASED SCHOLARSHIP’ FOR STUDENTS BELONGING TO THE MINORITY COMMUNITIES,,government,https://www.minorityaffairs.gov.in/WriteReadData/RTF1984/1672037211.pdf,www.scholarships.gov.in,,graduate level or post graduate level,technical and professional courses,not less than 50% marks at higher secondary/graduation level,Rs.2.50 lakh from all sources,,,minority communities,,recognized institution,,The objective of the Scheme is to provide financial assistance to the poor and meritorious students belonging to minority communities to enable them to pursue professional and technical courses.,,,a) Student Photo. (Mandatory) b) Institution Verification Form. (Mandatory) c) Self declaration of Income Certificate by the student. (Mandatory) d) Self declaration of community by the student. (Mandatory) e) In case of Fresh: Self Attested Certificate of ‘Previous Academic Mark sheet’ as filled in Form. (Mandatory) f) In case of Renewal: Self-Attested Certificate of Previous Year Marks sheet as filled in the Form. (Mandatory) g) Fee Receipt of current course year. (Mandatory) h) Proof of Bank Account in the name of student. (Mandatory) i) Aadhaar Card (optional) j) Residential Certificate. (Mandatory),"Students who get admission to a college to pursue technical/professional courses, on the basis of a competitive examination will be eligible for the scholarship. Students who get admission in technical/professional courses without taking any competitive examination will also be eligible for scholarship. However, such students should have not less than 50% marks at higher secondary/graduation level. Selection of these students will be done strictly on merit basis.",Continuation of the scholarship in subsequent years will depend on successful completion of the course during the preceding year.,"{""max_family_income_inr"": 250000, ""min_percentage"": 50.0, ""categories"": [""MINORITY""], ""levels"": [""UG"", ""PG""]}",REVIEW_REQUIRED,REVIEW_REQUIRED,74.3,2026-10-02T15:05:46+00:00,2026-10-02T15:41:48+00:00,,9,0,government
11,special scholarship scheme for the students of union territories of jammu kashmir and ladakh sss j k and ladakh|aicte.gov.in,SPECIAL SCHOLARSHIP SCHEME FOR THE STUDENTS OF UNION TERRITORIES OF JAMMU & KASHMIR AND LADAKH (SSS J&K AND LADAKH),,government,https://www.aicte.gov.in/schemes/students-development-schemes,,"Rs. 100000/- as Maintenance Charges and academic fee as Rs. 30000/- to General Degree, Rs. 125000/- to Engineering Degree & Rs. 300000/- to Medical Degree each year",,"General Degree, Engineering Degree & Medical Degree",,,,,,students of Union Territories of Jammu & Kashmir and Ladakh,,,"Objective of the Scheme is to build capabilities of the youth of UTs of Jammu & Kashmir and Ladakh by educating, enabling, and empowering them to compete at the national level.",,,,,,"{""domicile_states"": [""Ladakh""]}",REVIEW_REQUIRED,REVIEW_REQUIRED,74.2,2026-10-02T06:18:18+00:00,2026-10-02T15:41:48+00:00,,9,0,government
31,students of sharda university and other sgi institute based in mathura and agra ex student alumni old student scholarship|sharda.ac.in,Students of Sharda University and other SGI Institute based in Mathura and Agra/ Ex-Student/Alumni/Old Student Scholarship,,university,https://www.sharda.ac.in/scholarship,,fee waiver equivalent to 25% of their Tuition fee of first year,Master Degree program,,,,,,,,Sharda University and other SGI Institute based in Mathura and Agra,,"On the Admission in Master Degree program (Other than Medical, Dental & Nursing) will be eligible for award of fee waiver equivalent to 25% of their Tuition fee of first year.",,,,,,"{""levels"": [""PG""]}",REVIEW_REQUIRED,REVIEW_REQUIRED,74.2,2026-10-02T06:33:28+00:00,2026-10-02T15:41:48+00:00,,9,0,university
113,special scholarship scheme for the students of union territories of jammu kashmir and ladakh sss j k and ladakh under the pradhan mantri uchchatar shiksha protsahan pm usp yojana|scholarships.gov.in,SPECIAL SCHOLARSHIP SCHEME FOR THE STUDENTS OF UNION TERRITORIES OF JAMMU & KASHMIR AND LADAKH (SSS J&K AND LADAKH) UNDER THE PRADHAN MANTRI UCHCHATAR SHIKSHA PROTSAHAN (PM-USP) YOJANA,"Scholarships Division, Department of Higher Education Ministry of Education, Government of India",government,https://scholarships.gov.in/public/schemeGuidelines/AICTE/PM_USPY(SSSJKL)SchemeSpecifications.pdf,,,"Class XII or equivalent examination, Diploma in Engineering, Post-Graduate level studies",,,Rs. 8.00 Lakh or less per annum,,,"Scheduled Castes, Scheduled Tribes, Socially & Educationally Backward Classes, Economically Weaker Sections (EWSs), Persons with Disabilities",Union Territories of J&K and Ladakh,Government colleges/institutions and other select institutions outside the UTs of J&K and Ladakh through AICTE’s counselling process,Persons with Disabilities (PwD),"Candidates should be domicile of Union Territories of J&K and Ladakh, must have passed 12th examination from JKBOSE or CBSE affiliated schools located in UTs of J&K and Ladakh, having family income of Rs. 8.00 Lakh or less per annum.",,,"Certificate of domicile of the Union Territory of Jammu & Kashmir or Ladakh, Certificate of Class 12th and 10th Examination, Polytechnic Diploma Certificate, Income Certificate, Caste Certificate, Disability Certificate",Merit list will be prepared for HSC and Lateral Entry students and the same shall be displayed on the student’s portal only for conduction of online counselling for final allotment of seats,The scholarships granted under the scheme are renewed in subsequent classes subject to good conduct and maintenance of attendance as prescribed by the respective institution.,"{""max_family_income_inr"": 800000, ""levels"": [""SCHOOL"", ""DIPLOMA"", ""UG""], ""domicile_states"": [""Ladakh""]}",REVIEW_REQUIRED,REVIEW_REQUIRED,74.0,2026-10-02T07:41:57+00:00,2026-10-02T15:41:48+00:00,,9,0,government
19,jee girls scholarship|sharda.ac.in,*JEE Girls Scholarship,,university,https://www.sharda.ac.in/scholarship,,100% scholarship on tuition fee of 1st year,,B.Tech.,above 90 percentile in JEE Mains (2026),,,Girls,,,,,100% scholarship on tuition fee of 1st year to Girls securing above 90 percentile in JEE Mains (2026),,,,,,"{""gender"": ""female""}",REVIEW_REQUIRED,REVIEW_REQUIRED,73.8,2026-10-02T06:33:28+00:00,2026-10-02T15:41:48+00:00,,9,0,university
4,aicte sarswati scholarship|aicte.gov.in,AICTE SARSWATI SCHOLARSHIP 2024,AICTE,government,https://www.aicte.gov.in/schemes/students-development-schemes,Student Registration Link,,UG,BBA/BMS/BCA Courses,meritorious,,,girls,,,AICTE Approved Institutions,,A scholarship scheme from AICTE for meritorious girls students perusing BBA/BMS/BCA Courses in AICTE Approved Institutions.,,,,,,"{""gender"": ""female"", ""levels"": [""UG""]}",REVIEW_REQUIRED,REVIEW_REQUIRED,70.0,2026-10-02T06:18:18+00:00,2026-10-02T15:41:48+00:00,,9,0,government
5,aicte post doctoral fellowship pdf|aicte.gov.in,AICTE POST-DOCTORAL FELLOWSHIP (PDF) 2024-25,AICTE,government,https://www.aicte.gov.in/schemes/students-development-schemes,Link for new registration of candidate in the PDF Scheme,,Ph.D,"Engineering, Management, Design, Hotel Management & Catering Technology, Applied Sciences, Planning, Computer application, Applied Arts Crafts & Design, Inter Disciplinary Area",completed their Ph.D,,,,,Indian,,,"The main objective of AICTE Post-Doctoral Fellowship is to encourage Indian Engineering, Management, Design, Hotel Management & Catering Technology, Applied Sciences, Planning, Computer application, Applied Arts Crafts & Design, Inter Disciplinary Area scholars who have completed their Ph.D and wish to pursue a regular career in research and development.",,,,,,"{""levels"": [""POSTDOC""]}",REVIEW_REQUIRED,REVIEW_REQUIRED,70.0,2026-10-02T06:18:18+00:00,2026-10-02T15:41:48+00:00,,9,0,government
15,merit cum means scholarship scheme|minorityaffairs.gov.in,Merit-cum-Means Scholarship Scheme,Ministry of Minority Affairs,government,https://www.minorityaffairs.gov.in/show_content.php?lang=1&level=2&ls_id=164&lid=166,,,undergraduate and post graduate level,professional and technical courses,,,,,minority communities,India,"Government or private institution, selected and notified in a transparent manner by the State Government/Union Territory Administration concerned",,The objective of the Scheme is to provide financial assistance to the poor and meritorious students belonging to minority communities to enable them to pursue professional and technical courses.,,,,,,"{""categories"": [""MINORITY""], ""levels"": [""UG"", ""PG""]}",REVIEW_REQUIRED,REVIEW_REQUIRED,70.0,2026-10-02T06:31:51+00:00,2026-10-02T15:41:48+00:00,,9,0,government
57,jee main merit scholarships|mpu.ac.in,JEE Main Merit Scholarships,MPU,university,https://mpu.ac.in/blogs/mp-scholarship-types-eligibility-how-to-apply,,,,B.Tech,,,,,,,MPU,,Available for qualifying B.Tech applicants.,,,,,,{},REVIEW_REQUIRED,REVIEW_REQUIRED,70.0,2026-10-02T07:38:13+00:00,2026-10-02T15:41:48+00:00,,9,0,university
112,swanath scholarship scheme|scholarships.gov.in,SWANATH SCHOLARSHIP SCHEME,AICTE,government,https://scholarships.gov.in/public/schemeGuidelines/AICTE/AICTE_3039_F.pdf,,"Rs.50,000.00 per annum for every year of study.","Degree/
Diploma level",,,Rs. 8 lakh per annum,,,,,AICTE Approved institutions,,"The candidate should be an orphan, or either/both parents died due to Covid 19, or ward of Armed Forces/Central Paramilitary Forces martyred in action, with family income not more than Rs. 8 lakh per annum, studying in AICTE Approved institutions at Degree/Diploma level in regular mode and not receiving any other scholarship.",,,"Aadhaar card, Income certificate, Death Certificates / Tehsildar / SDM certificate, Bonafide Certificate, 10+2 / equivalent and 10th Mark sheet for Degree Level, 10th /equivalent Mark sheet for Diploma Level, Category Certificate (SC/ST/OBC-NCL), Shaheed Certificate",,The scholarship will be renewed for the next year of study on receipt of renewal through National Scholarship Portal (NSP) by submitting Promotion Certificate duly certified by the Head of Institution in the online portal.,"{""max_family_income_inr"": 800000, ""levels"": [""DIPLOMA"", ""UG""]}",REVIEW_REQUIRED,REVIEW_REQUIRED,70.0,2026-10-02T07:41:49+00:00,2026-10-02T15:41:48+00:00,,9,0,government
114,aicte pragati scholarship scheme for girl students degree|scholarships.gov.in,AICTE – PRAGATI SCHOLARSHIP SCHEME FOR GIRL STUDENTS - (DEGREE),AICTE,government,https://scholarships.gov.in/public/schemeGuidelines/AICTE/AICTE_2010_G.pdf,,"Rs. 50,000/- per annum for every year of study i.e. maximum 4 years for first year admitted students and maximum 3 years for second year admitted students through lateral entry as lump sum amount towards payment of college fee, purchase of computer, stationeries, books, equipments, softwares etc.",Degree level course,Technical Degree course,,Rs. 8 lakh per annum,,Girl,,,AICTE approved Institution,,"The girl candidate should be admitted to First year of Degree level course OR Second year of Degree level course through lateral entry in any of the AICTE approved Institution of respective year, maximum two girl child per family are eligible, and family income from all sources should not be more than Rs. 8 lakh per annum during the current financial year.",,,A valid income certificate issued by State/ UT Government,The selection of candidate will be carried out solely on the basis of merit of qualifying examination to peruse the Technical Degree course from any of the AICTE approved institutions i.e. in First year or Second year (through lateral entry only) on the basis of percentage of marks obtained in the 10+2/ equivalent examination.,The scholarship will be renewed for the next year of study on receipt of renewal through National Scholarship Portal by submitting passing certificate/ marksheet along with letter from the Head of the Institution on the online portal.,"{""max_family_income_inr"": 800000, ""gender"": ""female"", ""levels"": [""UG""]}",REVIEW_REQUIRED,REVIEW_REQUIRED,70.0,2026-10-02T07:42:09+00:00,2026-10-02T15:41:48+00:00,,9,0,government
116,aicte pragati scholarship scheme for girl students diploma|scholarships.gov.in,AICTE – PRAGATI SCHOLARSHIP SCHEME FOR GIRL STUDENTS - (DIPLOMA),AICTE,government,https://scholarships.gov.in/public/schemeGuidelines/AICTE/AICTE_2011_G.pdf,,"Rs. 50,000/- per annum for every year of study i.e. maximum 3 years for first year admitted students and maximum 2 years for second year admitted students through lateral entry as lump sum amount towards payment of college fee, purchase of computer, stationeries, books, equipments, softwares etc.",Diploma level course,Technical Diploma course,,Rs. 8 lakh per annum,,girl students,,,AICTE approved Institution,,The girl candidate should be admitted to First year of Diploma level course OR Second year of Diploma level course through lateral entry in any of the AICTE approved Institution of respective year with family income from all sources not more than Rs. 8 lakh per annum.,,,A valid income certificate issued by State/ UT Government need to be enclosed.,The selection of candidate will be carried out solely on the basis of merit of qualifying examination to peruse the Technical Diploma course from any of the AICTE approved institutions i.e. in First year or Second year (through lateral entry only) on the basis of percentage of marks obtained in the 10th / equivalent examination.,The scholarship will be renewed for the next year of study on receipt of renewal through National Scholarship Portal by submitting passing certificate/ marksheet along with letter from the Head of the Institution on the online portal.,"{""max_family_income_inr"": 800000, ""gender"": ""female"", ""levels"": [""DIPLOMA""]}",REVIEW_REQUIRED,REVIEW_REQUIRED,70.0,2026-10-02T07:42:20+00:00,2026-10-02T15:41:48+00:00,,9,0,government
119,aicte saksham scholarship scheme for specially abled student degree|scholarships.gov.in,AICTE – SAKSHAM SCHOLARSHIP SCHEME FOR SPECIALLY-ABLED STUDENT (DEGREE),AICTE,government,https://scholarships.gov.in/public/schemeGuidelines/AICTE/AICTE_2012_G.pdf,,"Rs. 50,000/- per annum for every year of study i.e. maximum 4 years for first year
admitted students and maximum 3 years for second year admitted students through lateral
entry as lump sum amount towards payment of college fee, purchase of computer,
stationeries, books, equipments, softwares etc.",Degree level,technical education,,Rs. 8 lakh per annum,,,,,AICTE approved Institution,"Specially-abled student, having disability of not less than 40%",Saksham is a MHRD Scheme being implemented by AICTE aimed at providing encouragement and support to specially-abled children to pursue technical education.,,,A valid income certificate issued by State /UT Government need to be enclosed.,All eligible specially-abled student admitted to First year of Degree level course OR Second year of Degree level course through lateral entry in any of the AICTE approved Institution will get the scholarship.,The scholarship will be renewed for the next year of study on receipt of renewal through National Scholarship Portal by submitting passing certificate/ marksheet along with letter from the Head of the Institution on the online portal.,"{""max_family_income_inr"": 800000, ""levels"": [""UG""]}",REVIEW_REQUIRED,REVIEW_REQUIRED,70.0,2026-10-02T07:42:38+00:00,2026-10-02T15:41:48+00:00,,9,0,government
120,national scholarship for post graduate studies|scholarships.gov.in,National Scholarship for Post Graduate Studies,UNIVERSITY GRANTS COMMISSION,government,https://scholarships.gov.in/public/schemeGuidelines/Guidelines_NATIONAL_SCHOLARSHIP_FOR_POSTGRADUATE_STUDIES_UGC_2324.pdf,,"Rs.15,000/- per month for 10 months in a year",Postgraduate Degree,,,,below the age of 30 years of age,,,,"Universities/Colleges/Institutions included under Section 2(f) of UGC Act, 1956 and having valid accreditation from NAAC.",,The scholarship is available to the students for the first PG Degree programme only.,,,"Certificate issued by the competent authorities for Caste and or Category, under which student has applied.","The selection under the schemes is done purely on all- India merit basis (except those mentioned in the ‘Note’ above) from among the candidates who have applied for the scholarship under the scheme, through online mode only on the designated portal, i.e., National Scholarship Portal of Government of India.","Scholarship granted under the scheme will be kept renewed during the period of first degree course, subject to good conduct and maintenance of prescribed attendance.","{""max_age"": 30, ""levels"": [""PG""]}",REVIEW_REQUIRED,REVIEW_REQUIRED,70.0,2026-10-02T07:42:43+00:00,2026-10-02T15:41:48+00:00,,9,0,government
123,ishan uday scholarship|scholarships.gov.in,ISHAN UDAY SCHOLARSHIP,UGC,government,https://scholarships.gov.in/public/FAQ/FAQ_Ishanuday.pdf,,"Rs. 8,000/-per month for 10 months in a year",UG,"Arts, Humanities and Social Sciences, Law, Management and other 50% are earmarked for Science, Engineering & Technology, medical, technical, agriculture, forestry programmes",,Rs. 04.50 lakh per annum,,,,North Eastern,regular mode,,"No, the students with North Eastern domicile are eligible to apply.",,,,The selection is done purely on the basis of state-wise merit from among the candidates who have applied for the scholarship under the scheme.,The scholarship are renewed for the next year of study on successful completion of first year of study.,"{""max_family_income_inr"": 450000, ""levels"": [""UG""]}",REVIEW_REQUIRED,REVIEW_REQUIRED,70.0,2026-10-02T07:43:01+00:00,2026-10-02T15:41:48+00:00,,9,0,government
124,labour welfare scheme education|scholarships.gov.in,Labour Welfare Scheme (Education),"Directorate General of Labour Welfare, Ministry of Labour and Employment, Govt. of India",government,https://scholarships.gov.in/public/FAQ/MinistryofLabour_FAQ.pdf,,"Class I to IV (for books/dress) ₹1,000
Class V to VIII ₹1,500
Class IX ₹2,000
Class X ₹2,000
Class XI to XII ₹3,000
ITI ₹6,000
Polytechnic ₹6,000
Degree Courses (including B.Sc. Agriculture) ₹6,000
Professional Courses ₹25,000","Class I to IV, Class V to VIII, Class IX, Class X, Class XI to XII, ITI, Polytechnic, Degree Courses, Professional Courses","general or technical education (e.g., medical, engineering, agriculture)",The applicant must have passed the last qualifying examination on the first attempt. Students promoted to the next class are also eligible.,"Beedi Workers: ₹10,000; Mine Workers: Supervisory and managerial employees are eligible if their wages do not exceed ₹10,000 per month; Cine Workers: Monthly income not exceeding ₹8,000, or ₹1,00,000 if paid by way of a lump sum or instalments.",,,,,recognised institutions,,"Either of the parents of the applicant must be a Beedi, Iron Ore, Manganese Ore, Chrome Ore Mines, Limestone, Dolomite Mines, or Cine worker with at least six months of service, and family income must be within specified limits.",,,"Identity card of the worker (Form B Register number for Mine workers), Income certificate issued by the relevant revenue authority",,"If you are applying for renewal, make sure that your details (name, gender, date of birth) match those in your previous year’s application. You must also ensure that no active new application exists under your OTR.","{""levels"": [""SCHOOL"", ""CLASS_11_12"", ""DIPLOMA"", ""UG"", ""PG""]}",REVIEW_REQUIRED,REVIEW_REQUIRED,70.0,2026-10-02T07:43:08+00:00,2026-10-02T15:41:48+00:00,,9,0,government
130,institute s own merit award scheme|admissions.bits-pilani.ac.in,Institute's own merit award scheme,Institute,university,https://admissions.bits-pilani.ac.in/FD/scholarship.html,,100% of total tuition fee for Top 2% Students; 50% of total tuition fee for The next top 1% Students,First Degree Programmes,,,,,,,,,,Every year about 25% of students admitted to First Degree Programmes get semester tuition fee waivers in the range between 10% to 100% in the form of either merit or merit-cum need scholarships as tabulated below,,,,,All awards are made for one semester only and their continuance in the subsequent semesters(s) will depend on the candidate's performance in the Institute and his/her needs.,"{""levels"": [""UG""]}",REVIEW_REQUIRED,REVIEW_REQUIRED,70.0,2026-10-02T08:32:22+00:00,2026-10-02T15:41:48+00:00,,9,0,university
131,institute s own merit cum need awards scheme|admissions.bits-pilani.ac.in,Institute's own merit-cum-need awards scheme,Institute,university,https://admissions.bits-pilani.ac.in/FD/scholarship.html,,Top 5% Students: 100% of total tuition fee; The next top 2% Students: 50% of total tuition fee; The next top 5% Students: 25% of total tuition fee; The next 10% Students: 10% of total tuition fee,First Degree Programmes,,,,,,,,,,Every year about 25% of students admitted to First Degree Programmes get semester tuition fee waivers in the range between 10% to 100% in the form of either merit or merit-cum need scholarships as tabulated below,,,,,All awards are made for one semester only and their continuance in the subsequent semesters(s) will depend on the candidate's performance in the Institute and his/her needs.,"{""levels"": [""UG""]}",REVIEW_REQUIRED,REVIEW_REQUIRED,70.0,2026-10-02T08:32:22+00:00,2026-10-02T15:41:48+00:00,,9,0,university
165,icar nts ug scholarship|scholarships.gov.in,ICAR NTS-UG Scholarship,Indian Council of Agricultural Research,government,https://scholarships.gov.in/public/FAQ/FAQsforICAR_NTS-UG_3103.pdf,,Rs.3000/- per month,undergraduate programme,Bachelor degree programme,minimum qualifying CGPA,,,,,non-domicile state,Agricultural Universities,,National Talent Scholarship (NTS) of the Indian Council of Agricultural Research is available to a student pursuing Bachelor degree programme admitted through CUET (ICAR-UG) under ICAR All India Quota (AIQ) seats in the Agricultural Universities located outside of his State of domicile.,,,Award letter issued by the ICAR,admitted through CUET (ICAR-UG) under ICAR All India Quota (AIQ) seats,"good conduct, punctuality and minimum prescribed performance [OGPA/CGPA of minimum 7.00 OUT of 10.00 (6.50/10.00 for SC/ST)]","{""levels"": [""UG""]}",REVIEW_REQUIRED,REVIEW_REQUIRED,70.0,2026-10-02T08:41:39+00:00,2026-10-02T15:41:48+00:00,,9,0,government
166,icar post graduate studies pgs scholarship|scholarships.gov.in,ICAR-Post Graduate Studies (PGS) Scholarship,ICAR,government,https://scholarships.gov.in/public/FAQ/FAQsforICAR _PGS_Scholarship_3105.pdf,,Rs.12640/- per month & 6000/- per year Contingency,PG students,,"Candidates must have obtained 60% marks or Overall Grade Point Average (OGPA) of 6.60/10.00 or 3.25/5.00 or 2.6/4.00 for General, OBC and Under Privileged States (UPS) categories whereas for SC/ST /Physically Challenged (PC) categories, the candidates must have obtained 55% marks or an OGPA of 5.5/10.00 or 2.75/5.00 or 2.20/4.00",,,,,,Agricultural Universities under ICAR-AU System,,ICAR-Post Graduate Studies (PGS) Scholarship will be awarded on the basis of merit in the All India Entrance Examination (AIEE) in the Agricultural University.,,,Award letter issued by the ICAR,merit in the All India Entrance Examination (AIEE) in the Agricultural University,"subject to good conduct, punctuality and minimum prescribed performance","{""min_percentage"": 55.0, ""levels"": [""PG""]}",REVIEW_REQUIRED,REVIEW_REQUIRED,70.0,2026-10-02T08:41:56+00:00,2026-10-02T15:41:48+00:00,,9,0,government
167,icar nts pg scholarship|scholarships.gov.in,ICAR NTS-PG Scholarship,Indian Council of Agricultural Research,government,https://scholarships.gov.in/public/FAQ/FAQsforICAR_NTS-PG_3104.pdf,,@ Rs.5000/- per month,Post Graduate programme,Master degree programme,minimum qualifying CGPA,,,,,outside of his State of domicile,Agricultural University,,National Talent Scholarship (NTS) of the Indian Council of Agricultural Research is available to a student pursuing Master degree programme admitted through All India Entrance Examination (AIEE) in the Agricultural University located outside of his State of domicile.,,,Award letter issued by the ICAR,admitted through All India Entrance Examination (AIEE) under ICAR All India Quota (AIQ) seats in the Agricultural Universities under ICAR-AU System,"good conduct, punctuality and minimum prescribed performance [OGPA/CGPA of minimum 7.00 OUT of 10.00 (6.50/10.00 for SC/ST)]","{""levels"": [""PG""]}",REVIEW_REQUIRED,REVIEW_REQUIRED,70.0,2026-10-02T08:42:01+00:00,2026-10-02T15:41:48+00:00,,9,0,government
168,icar junior research fellowships icar jrf pgs senior research fellowships icar srf pgs for ph d students|scholarships.gov.in,ICAR- Junior Research Fellowships ‘ICAR JRF(PGS)’/ Senior Research Fellowships ‘ICAR SRF(PGS)’ for Ph. D students,ICAR,government,https://scholarships.gov.in/public/FAQ/FAQsforICAR_JRF(PGS)_SRF(PGS)forPh.Dstudents_3106.pdf,,"Fellowship amount for the first and second year is ₹37,000 per month & for the third year is ₹42,000
per month with effect from October 15,2024. The contingency amount is ₹10,000 per year.",Ph. D students,,"The candidates having completed their Master's degree program securing Overall Grade Point
Average (OGPA) of at least 6.50/10.00 scale, 3.25/5.00 scale, 2.60/4.00 scale for General and OBC
Categories and 5.50/10.00, 2.75/5.00, 2.20/4.00 scale for SC/ST /Physically Challenged (PC)
candidates, respectively from any recognized University in India and abroad would be eligible. In other
cases, where grade-points are not awarded and only marks are awarded, the candidate must have secured
at least 60% marks for General/OBC Category. For SC/ST /Physically Challenged (PC) candidates, the
minimum percentage of marks will be 50%.",,,,,,"Students admitted through All India Entrance Examination (AIEE) in the Agricultural University under ICAR All India Quota (AIQ) seats in the Agricultural Universities under ICAR-AU
System are only eligible.",,"ICAR-Junior Research Fellowship/Senior Research Fellowship (JRF/SRF) will be awarded
on the basis of merit in the All India Entrance Examination (AIEE) in the Agricultural University.",,,Award letter issued by the ICAR may be required:,"ICAR-Junior Research Fellowship/Senior Research Fellowship (JRF/SRF) will be awarded
on the basis of merit in the All India Entrance Examination (AIEE) in the Agricultural University.",,"{""min_percentage"": 50.0, ""levels"": [""PHD""]}",REVIEW_REQUIRED,REVIEW_REQUIRED,70.0,2026-10-02T08:42:07+00:00,2026-10-02T15:41:48+00:00,,9,0,government
186,malabar scholarship for girl students|malabarcharitabletrust.org,Malabar Scholarship for girl students,Malabar Charitable Trust,foundation_trust,https://www.malabarcharitabletrust.org/scholarship,,"The maximum amount eligible applicants would receive is Rs. 10,000/-, while the minimum amount is Rs. 6,000/-.",Higher Secondary level,,Applicants must have successfully completed the 10th grade with a minimum of 50% marks.,,,Girl students,,outside Kerala,government schools,,"Girl students who are presently pursuing higher education in Higher Secondary level in government schools located in selected Indian states, have successfully completed the 10th grade with a minimum of 50% marks, and are enrolled in a full-time, regular academic program.",,,"Passport size photo
Bank Passbook
Bona Fide Certificate
12th board exam mark sheet
ID proof ( Voter ID / Passport / Aadhaar )
Mark List of Qualifying Exam
Income certificate
Disability Certificate (If applicable)
Death Certificate (If applicable)
*Merit Certificate (If applicable)
**Treatment Records (If applicable)",Candidates who meet the eligibility criteria will undergo an evaluation based on the socio-economic and educational parameters of their applications.,,"{""min_percentage"": 50.0, ""gender"": ""female"", ""levels"": [""CLASS_11_12""], ""domicile_states"": [""Kerala""]}",REVIEW_REQUIRED,REVIEW_REQUIRED,70.0,2026-10-02T15:04:10+00:00,2026-10-02T15:41:48+00:00,,9,0,foundation_trust
188,icmr dhr international fellowship programme for indian biomedical scientists|icmr.gov.in,ICMR-DHR INTERNATIONAL FELLOWSHIP PROGRAMME FOR INDIAN BIOMEDICAL SCIENTISTS,ICMR and DHR,government,https://www.icmr.gov.in/icmr-international-fellowship-programme-for-indian-biomedical-scientists,,A stipend of US $3000 per month which includes accommodation and other expenses.,regular Indian faculty/researcher,biomedical research and technology,at least three years of experience in teaching/research in a recognized Institute after obtaining the requisite qualification,,Below 57 years as on the last date of receipt of application.,,,citizen of India and working in the country,recognized Institute,,"The applicant should be a citizen of India and working in the country, possess an M.D./M.S./Ph.D. degree with at least three years of experience in teaching/research in a recognized Institute, and be below 57 years of age.",,,"A letter of acceptance from the host Institute, a plan of proposed training, recognition letter from the All India Council for Technical Education (AICTE) for candidates belonging to Private Colleges/Universities",Screening of applications will be done by the ICMR-DHR and the short listed candidates will be considered by the Selection Committee for awarding the fellowship.,,"{""max_age"": 57, ""levels"": [""PHD"", ""PG""]}",REVIEW_REQUIRED,REVIEW_REQUIRED,70.0,2026-10-02T15:04:59+00:00,2026-10-02T15:41:48+00:00,,9,0,government
189,long term fellowship abroad 6 12 months|icmr.gov.in,LONG-TERM FELLOWSHIP ABROAD (6-12 months),ICMR and DHR,government,https://www.icmr.gov.in/icmr-international-fellowship-programme-for-indian-biomedical-scientists,,A stipend of US $3000 per month which includes accommodation and other expenses.,persons employed as regular faculty,,at least three years of experience in teaching/research in a recognized Institute after obtaining the requisite qualification,,Below 45 years as on the last date of receipt of application.,,,citizen of India and working in the country,recognized Institute,,"The applicant should be a citizen of India, employed as regular faculty with at least three years of experience, possess an M.D./M.S./Ph.D. degree, and be below 45 years of age.",,,"A letter of acceptance from the host Institute, a plan of proposed training, recognition letter from the All India Council for Technical Education (AICTE) for candidates belonging to Private Colleges/Universities",Screening of applications will be done by the ICMR-DHR and the short listed candidates will be considered by the Selection Committee for awarding the fellowship.,,"{""max_age"": 45, ""levels"": [""PHD"", ""PG""]}",REVIEW_REQUIRED,REVIEW_REQUIRED,70.0,2026-10-02T15:04:59+00:00,2026-10-02T15:41:48+00:00,,9,0,government
190,pre matric scholarship scheme|minorityaffairs.gov.in,Pre-matric Scholarship Scheme,Ministry of Minority Affairs,government,https://www.minorityaffairs.gov.in/showfile.php?lang=1&level=1&ls_id=916&lid=1147,,"Admission Fee, Tuition Fee (wherever applicable) and the Maintenance Allowance",classes Ito VIII,,,,,,minority communities,,,,"The Pre-matric Scholarship Scheme to students belonging to the minority communities is implemented by this Ministry with the objective to encourage parents from minority communities to send their school going children to school, lighten their financial burden on school education and sustain their efforts to support their children to complete school education.",,,,,,"{""categories"": [""MINORITY""], ""levels"": [""SCHOOL""]}",REVIEW_REQUIRED,REVIEW_REQUIRED,70.0,2026-10-02T15:05:14+00:00,2026-10-02T15:41:48+00:00,,9,0,government
191,maulana azad national fellowship|minorityaffairs.gov.in,Maulana Azad National Fellowship,UGC,government,https://www.minorityaffairs.gov.in/showfile.php?lang=1&level=1&ls_id=607&lid=771,,"Fellowship @ Rs.25,000/- p.m. for initial two years (JRF)
@ Rs.28,000/- p.m. for remaining tenure (SRF)",M.Phil/Ph.D,regular M. Phil and Ph. D courses,minimum score of 55% at post graduate level,Rs.6.00 Lakh per annum,,,"minority communities notified under Section 2 (c) of
the National Commission for Minorities Act, 1992",,University/Academic Institution,,A candidate has to fulfill the following conditions to avail the benefit of MANF:-,,,,"UGC will select the candidates for the fellowships based on the percentage of marks obtained by them in
the NET exam.",,"{""max_family_income_inr"": 600000, ""min_percentage"": 55.0, ""categories"": [""MINORITY""], ""levels"": [""PG"", ""PHD""]}",REVIEW_REQUIRED,REVIEW_REQUIRED,70.0,2026-10-02T15:05:27+00:00,2026-10-02T15:41:48+00:00,,9,0,government
170,top class education scheme for sc students|scholarships.gov.in,Top Class Education Scheme for SC Students,Ministry,government,https://scholarships.gov.in/public/schemeGuidelines/Top_Class_Education_Scheme_2018_FAQ.pdf,,"Full tuition fee and non-refundable charges (up to Rs.2 lakh per annum in private institutions), Academic Allowance of Rs.86,000 in first year and Rs.41,000 per year thereafter.",beyond Class XII,full-time prescribed course,,Rs.8.00 lakh,,,SC,,"notified institutions including IITs, NITs, IIITs, IIMs, AIIMS, NLUs, IHMs, NIFTs, NIDs, Central Government Institutions and other notified institutions empanelled by the Ministry",,"SC students with annual family income up to Rs.8.00 lakh, admitted in a full-time prescribed course in a notified institution, subject to the allotted slots.",,,"Valid SC Certificate, Income Certificate, Aadhaar, Aadhaar-seeded bank account details, admission details, admission rank and fee details as prescribed on NSP.","Scholarships are awarded strictly on inter-se merit based on the admission criteria prescribed for the course, subject to the number of slots allotted to the institution.","Scholarship is withheld until promotion. Once promoted, scholarship is restored automatically.","{""max_family_income_inr"": 800000, ""categories"": [""SC""], ""levels"": [""UG"", ""PG""]}",REVIEW_REQUIRED,REVIEW_REQUIRED,69.6,2026-10-02T08:42:19+00:00,2026-10-02T15:41:48+00:00,,9,0,government
8,aicte swanath scholarship scheme|aicte.gov.in,AICTE – SWANATH SCHOLARSHIP SCHEME,AICTE,government,https://www.aicte.gov.in/schemes/students-development-schemes,National Scholarship Portal (NSP),"Rs. 50,000/- per annum",,,,,,,,,,severely disabled (above 80%) in accident (as per RPwD Act 2016),,,,,,,{},REVIEW_REQUIRED,REVIEW_REQUIRED,69.2,2026-10-02T06:18:18+00:00,2026-10-02T15:41:48+00:00,,9,0,government
128,west bengal government merit cum means scholarship scheme|wbchse.wb.gov.in,West Bengal Government Merit-cum-Means Scholarship Scheme,State Government,government,https://wbchse.wb.gov.in/student/scholarship/west-bengal-govt-merit-cum-means-scholarship-scheme,,Rs. 500/- to Rs. 1500/- per month,,,"75% marks in aggregate in the Madhyamik or the H.S. Exam, for applying respectively for the H.S.-level or the UG-level scholarships, or 55% marks in the Honours subject in graduation for the PG-level scholarships.","Yearly Income of the applicant’s family from all sources not exceeding Rs. 80,000/-",,,,domiciled in West Bengal,"State Govt., institutions or State Govt., aided institutions",,"Meritorious students coming from poor families, who are domiciled in West Bengal and have enrolled themselves in one of the State Govt., institutions or State Govt., aided institutions after passing out from the State Board/Council of Secondary/Higher Secondary Education or a State-aided University in West Bengal will be eligible to apply for this scholarship.",,,,,,"{""max_family_income_inr"": 80000, ""min_percentage"": 55.0, ""domicile_states"": [""West Bengal""]}",REVIEW_REQUIRED,REVIEW_REQUIRED,69.0,2026-10-02T08:32:07+00:00,2026-10-02T15:41:48+00:00,,9,0,government
175,central sector national means cum merit scholarship nmmss|scholarships.gov.in,Central Sector National Means-cum-Merit Scholarship (NMMSS),"Department of School Education and Literacy, Ministry of Education",government,https://scholarships.gov.in/public/schemeGuidelines/NMMSSGuidelines.pdf,,,"class IX level, which can be continued upto class Xll",,"minimum of 55 % marks or equivalent grade in class vll examination for appearing in selection test conducted during class VIII for award of scholarship (relaxable by 5% for SC/ST students). The student should be studying as regular student in a Government, Government-aided and local body schools.",{ 3.50 lakh per annum,,,,,"Government, Government-aided, local body schools",,,,,,Each state/UT will conduct its own test at stage of class VIII for selection of students for the award of the National Means-cum-Merit scholarship. The State Level Examination may consist of the following two tests: Mental Ability Test (MAT) Scholastic Aptitude Test (SAT),minimum of 60% marks in Class X only for continuation of scholarship (relaxable by 5% for SC/ST candidates) in next higher classes while getting clear promotion from class IX to class X and from class XI to class Xll in the first attempt,"{""max_family_income_inr"": 350000, ""min_percentage"": 55.0, ""levels"": [""SCHOOL""]}",REVIEW_REQUIRED,REVIEW_REQUIRED,69.0,2026-10-02T08:43:11+00:00,2026-10-02T15:41:48+00:00,,9,0,government
35,specially abled scholarship|sharda.ac.in,Specially Abled Scholarship,,university,https://www.sharda.ac.in/scholarship,,,,,,,,,Specially Abled Students,,,Specially Abled,Specially Abled Scholarship,,,"Certificate of Disability from competent medical authority (certificate issued by Chief Medical Officer) or, UDID (Unique Disability Identity Card) issued by a government organization",,,{},REVIEW_REQUIRED,REVIEW_REQUIRED,68.6,2026-10-02T06:33:28+00:00,2026-10-02T15:41:48+00:00,,9,0,university
24,cuet scholarship|sharda.ac.in,CUET Scholarship,,university,https://www.sharda.ac.in/scholarship,,100%,,,95.00 and above,,,,,,,,CUET Scholarship,,,,,,"{""min_percentage"": 95.0}",REVIEW_REQUIRED,REVIEW_REQUIRED,68.3,2026-10-02T06:33:28+00:00,2026-10-02T15:41:48+00:00,,9,0,university
58,sports scholarships|mpu.ac.in,Sports Scholarships,MPU,university,https://mpu.ac.in/blogs/mp-scholarship-types-eligibility-how-to-apply,,,,,,,,,,,MPU,,Sports Scholarships are available for students who have represented their state or country in Indian Olympic Council-recognised sports.,,,,,,{},REVIEW_REQUIRED,REVIEW_REQUIRED,65.0,2026-10-02T07:38:13+00:00,2026-10-02T15:41:48+00:00,,9,0,university
77,post graduate indira gandhi scholarship for single girl child for pg programs|shcollege.ac.in,Post-Graduate Indira Gandhi Scholarship for Single Girl Child For PG Programs,,university,https://www.shcollege.ac.in/scholarships,,,PG,PG Programs,,,,Single Girl Child,,,,,Post-Graduate Indira Gandhi Scholarship for Single Girl Child For PG Programs,,,,,,"{""gender"": ""female"", ""levels"": [""PG""]}",REVIEW_REQUIRED,REVIEW_REQUIRED,65.0,2026-10-02T07:38:54+00:00,2026-10-02T15:41:48+00:00,,9,0,university
129,merit cum means scholarship scheme|dte.maharashtra.gov.in,Merit-Cum-Means Scholarship Scheme,"The Ministry of Minority Affairs, Government of India, New Delhi",government,https://dte.maharashtra.gov.in/merit-cum-means,www.scholarships.gov.in,"Maintenance Allowance (For 10 months only) Rs.10,000/-per annum ( Rs.1000 p.m.) Rs.5,000/- per annum. ( Rs.500 p.m.) Course Fee* Rs.20,000/- per annum or Actual whichever is less",degree and post-graduate,professional courses,,up to Rs. 2.50 lakhs,,,"minority communities of Muslim, Buddhist, Christian, Sikh, Parsi and Jain",Maharashtra,,,"This scheme is applicable to students from the minority communities of Muslim, Buddhist, Christian, Sikh, Parsi and Jain studying in professional courses (degree and post-graduate).",,,,,It is mandatory for fresh students admitted to benefit from the scheme and eligible students who were granted scholarship in the previous academic year to apply for renewal online within the deadline mentioned on the NSP portal.,"{""max_family_income_inr"": 250000, ""categories"": [""MINORITY""], ""levels"": [""UG"", ""PG""], ""domicile_states"": [""Maharashtra""]}",NO_LONGER_VERIFIABLE,REVIEW_REQUIRED,65.0,2026-10-02T08:32:11+00:00,2026-10-02T14:42:17+00:00,,3,0,government
33,scholarship on the basis of performance in cultural and co curricular activities|sharda.ac.in,Scholarship on the basis of performance in Cultural and Co-curricular Activities,,university,https://www.sharda.ac.in/scholarship,,Upto 100% Scholarship,,,,,,,,,,,Based on exemplary student performance in the field of Music / Dance / Theatre / Literary Events / Fine Arts.,,,Certificates which qualify should not be older than last 2 yrs.,Amount of scholarship to be decided by Admission Committee after reviewing the documents and students performance in SUAT.,,{},REVIEW_REQUIRED,REVIEW_REQUIRED,63.6,2026-10-02T06:33:28+00:00,2026-10-02T15:41:48+00:00,,9,0,university
30,scholarship for innovation ideas|sharda.ac.in,Scholarship For Innovation Ideas,,university,https://www.sharda.ac.in/scholarship,,upto 100% Scholarship,,,,,,,,,,,"To promote the ‘Atma Nirbhar Bharat Abhiyan, the University provides upto 100% Scholarship for ‘Innovative Students Ideas.",,,,,Renewal of Scholarship Second year onwards is based on the assessment of the performance by the innovation Scholarship Committee.,{},REVIEW_REQUIRED,REVIEW_REQUIRED,63.3,2026-10-02T06:33:28+00:00,2026-10-02T15:41:48+00:00,,9,0,university
32,sibling scholarship|sharda.ac.in,Sibling Scholarship,,university,https://www.sharda.ac.in/scholarship,,Fee waiver of 5% in 1st year,,,,,,,,,,,Fee waiver of 5% in 1st year for student whose sibling is pursuing education at the university.,,,Proof of relation is required.,,,{},REVIEW_REQUIRED,REVIEW_REQUIRED,63.3,2026-10-02T06:33:28+00:00,2026-10-02T15:41:48+00:00,,9,0,university
22,state board toppers scholarship|sharda.ac.in,State Board Toppers Scholarship,,university,https://www.sharda.ac.in/scholarship,,100% Tution Fee Waiver for 01st Year only.,,,,,,,,,,,This scholarship provides financial support to help students realize their dreams and reach their full potential.,,,,,,{},REVIEW_REQUIRED,REVIEW_REQUIRED,63.0,2026-10-02T06:33:28+00:00,2026-10-02T15:41:48+00:00,,9,0,university
25,scholarship to the wards of defense personnel s|sharda.ac.in,Scholarship to the wards of Defense Personnel’s,,university,https://www.sharda.ac.in/scholarship,,5% Scholarship,,,,,,,,,,,"5% Scholarship for wards of serving & retired personnel of Indian Armed Forces (Army/ Navy/ Air Force. Para Military /CISF/BSF/CRPF/ITBP/NSG/Govt. Security Forces.On the Tuition fee of 1st Academic year in all courses (except Medical, Dental, Nursing and Pharmacy programs).",,,,,,{},REVIEW_REQUIRED,REVIEW_REQUIRED,63.0,2026-10-02T06:33:28+00:00,2026-10-02T15:41:48+00:00,,9,0,university
27,scholarship on the basis of social service r d and bravery activities|sharda.ac.in,"Scholarship on the basis of Social Service, R&D and Bravery Activities",,university,https://www.sharda.ac.in/scholarship,,5% Scholarship,,,,,,,,,,,5% Scholarship for National Service Scheme (NSS)/ National Cadet Corps Scheme (NCC)/National Bravery Award/Scouts & Guides/Red Cross Activities/Student Research & Project Work/Olympiad,,,,,,{},REVIEW_REQUIRED,REVIEW_REQUIRED,63.0,2026-10-02T06:33:28+00:00,2026-10-02T15:41:48+00:00,,9,0,university
29,sports category scholarships|sharda.ac.in,Sports Category Scholarships,,university,https://www.sharda.ac.in/scholarship,,from 10% to 100% on tuition fee in 1st year,,,,,,,,,,,The students who have excelled in sporting activities at National & State Level will be eligible for Sports Scholarship from 10% to 100% on tuition fee in 1st year.,,,,,,{},REVIEW_REQUIRED,REVIEW_REQUIRED,63.0,2026-10-02T06:33:28+00:00,2026-10-02T15:41:48+00:00,,9,0,university
79,tagore national fellowship for cultural research|asi.nic.in,Tagore National Fellowship for Cultural Research,Ministry of Culture (MoC),government,https://asi.nic.in/admin/whatsnew/download/1085,,"Rs. 80,000/- per month",,,,,,,,,,,Scholars who have sound academic or professional credentials and have made significant contribution to knowledge in their respective fields will be eligible to apply for Tagore National Fellowship.,,,"research proposal prepared on the guidelines provided in Appendix A, short write-up on how the proposed research would be beneficial for the respective nodal institution, bio-catalyst of publications and other relevant documents including a write-up on the proposed work, declaration stating that if selected for the Fellowship/ Scholarship, he/she will complete the tenure of the Fellowship/ Scholarship","The received applications will be examined by the Institution Level Search-cum-Screening Committee (ILSSC) constituted by each participating institution for the purposes of this scheme. The applications found worthy of consideration will be shortlisted by the ILSSC. At the second stage, applications/names of short-listed candidates will be considered by the NSC for each institution.",,{},REVIEW_REQUIRED,REVIEW_REQUIRED,60.0,2026-10-02T07:39:13+00:00,2026-10-02T15:41:48+00:00,,9,0,government
80,tagore national scholarship|asi.nic.in,Tagore National Scholarship,Ministry of Culture (MoC),government,https://asi.nic.in/admin/whatsnew/download/1085,,"Rs. 50,000/- per month",,,,,,,,,,,"A scholar with good academic credentials—at least one publication, either a book or a research paper in reputed journals, and 2 years of research/teaching experience will be eligible to apply for the Tagore National Scholarships.",,,"research proposal prepared on the guidelines provided in Appendix A, bio-catalyst of publications and other relevant documents including a write-up on the proposed work, declaration stating that if selected for the Fellowship/ Scholarship, he/she will complete the tenure of the Fellowship/ Scholarship","The received applications will be examined by the Institution Level Search-cum-Screening Committee (ILSSC) constituted by each participating institution for the purposes of this scheme. The applications found worthy of consideration will be shortlisted by the ILSSC. At the second stage, applications/names of short-listed candidates will be considered by the NSC for each institution.",,{},REVIEW_REQUIRED,REVIEW_REQUIRED,60.0,2026-10-02T07:39:13+00:00,2026-10-02T15:41:48+00:00,,9,0,government
102,financial support scheme fss|du.ac.in,Financial Support Scheme (FSS) 2026-27,,university,https://www.du.ac.in/index.php?page=opportunities-scholarships,,,,,,,,,,,,,,,,,,,{},REVIEW_REQUIRED,REVIEW_REQUIRED,60.0,2026-10-02T07:41:08+00:00,2026-10-02T15:41:48+00:00,,9,0,university
103,late shri arun jaitley sports scholarship|du.ac.in,Late Shri Arun Jaitley Sports Scholarship,,university,https://www.du.ac.in/index.php?page=opportunities-scholarships,,,,,,,,,,,,,,,,,,,{},REVIEW_REQUIRED,REVIEW_REQUIRED,60.0,2026-10-02T07:41:08+00:00,2026-10-02T15:41:48+00:00,,9,0,university
104,pec pg scholarship in brazil|du.ac.in,PEC-PG 2027 Scholarship in Brazil,,university,https://www.du.ac.in/index.php?page=opportunities-scholarships,,,PG,,,,,,,,,,,,,,,,"{""levels"": [""PG""]}",REVIEW_REQUIRED,REVIEW_REQUIRED,60.0,2026-10-02T07:41:08+00:00,2026-10-02T15:41:48+00:00,,9,0,university
108,princeton foundation scholarship|du.ac.in,Princeton Foundation Scholarship 2025-26,,university,https://www.du.ac.in/index.php?page=opportunities-scholarships,,,,,,,,,,,,,,,,,,,{},REVIEW_REQUIRED,REVIEW_REQUIRED,60.0,2026-10-02T07:41:08+00:00,2026-10-02T15:41:48+00:00,,9,0,university
126,merit cum means scholarship|dircad.assam.gov.in,Merit cum Means Scholarship,"Directorate of Minority Affairs and Char Areas, Assam",government,https://dircad.assam.gov.in/how-to/apply-for-merit-cum-means-scholarship,www.scholarships.gov.in,,,professional and technical courses,not less than 50% marks at higher secondary/graduation level,Rs.2.50 lakh from all sources,,,minority communities,,,,"Students who get admission to a college to pursue technical/professional courses, on the basis of a competitive examination will be eligible for the scholarship.",,,,Selection of these students will be done strictly on merit basis.,,"{""max_family_income_inr"": 250000, ""min_percentage"": 50.0, ""categories"": [""MINORITY""]}",REVIEW_REQUIRED,REVIEW_REQUIRED,60.0,2026-10-02T08:31:53+00:00,2026-10-02T15:41:48+00:00,,9,0,government
139,post metric scholarship|dosje.gov.in,Post Metric Scholarship,Development and Welfare Board for De-Notified Nomadic and Semi Nomadic Communities (DWBDNC),government,https://www.dosje.gov.in/schemes-and-services/pm-yasasvi,,,"Students in Class 10th, Students in Class 12th, Students applying for MA, PhD, Bachelor’s , Post Graduate Diplomas","Degree and Post Graduate level professional courses, Other Professional Courses leading to Degree, Diploma, Certificate, Graduate and Post Graduate courses not covered under Group I & Group II, All post-matriculation (Post Class X level) non-degree courses",,Less than 2.5 Lakhs,,,"OBC, EBC or DNT",,,,"Total Family Annual Income: Less than 2.5 Lakhs, Student must be of OBC, EBC or DNT community.",,,"1. YASASVI Portal ID
2. Aadhar Card
3. Annual Income Certificate","1. Registration by Student on the YASASVI Portal much before the start of college
2. Application for FREESHIP CARD which will be issued by the State Government, this makes the student eligible to study in the institution without pre-payment of fees
3. The scholarship amount is disbursed as the student begins their academic session",,"{""max_family_income_inr"": 250000, ""categories"": [""OBC"", ""EBC"", ""DNT""], ""levels"": [""CLASS_11_12"", ""DIPLOMA"", ""UG"", ""PG"", ""PHD""]}",REVIEW_REQUIRED,REVIEW_REQUIRED,59.5,2026-10-02T08:33:12+00:00,2026-10-02T15:41:48+00:00,,9,0,government
92,allen scholarship admission test asat|allen.ac.in,ALLEN Scholarship Admission Test (ASAT),,university,https://www.allen.ac.in/delhi/2026-27/scholarship-rules.asp,,,,,,,,,,,,,Scholarship awarded in ASAT will be on the basis of the student's performance.,,,,student's performance,,{},REVIEW_REQUIRED,REVIEW_REQUIRED,58.8,2026-10-02T07:40:09+00:00,2026-10-02T15:41:48+00:00,,9,0,university
118,saksham scholarship scheme|scholarships.gov.in,SAKSHAM SCHOLARSHIP SCHEME,AICTE,government,https://scholarships.gov.in/public/schemeGuidelines/AICTE/AICTE_2013_F.pdf,National Scholarship Portal (NSP),"Rs. 50,000.00 per annum for every year of study.",,,,,,,,,,,,,,"Copy of SSC/10th certificate & mark sheet, Copy of HSC/12th certificate (In case of Degree level)& mark sheet, Copy of ITI certificate (In case of Lateral Entry for Diploma level)& mark sheet, Copy of Diploma certificate (In case of Lateral Entry for Degree level)& marksheet, Category, if applicable, Study/ Bonafide Certificate (Appendix-I), Annual Family Income Certificate (Appendix-II), Promotion Certificate in case of renewal (Appendix-III).",,The scholarship will be renewed for the next year of study on receipt of renewal through National Scholarship Portal (NSP) by submitting Promotion Certificate duly certified by the Head of Institution in the online portal.,{},REVIEW_REQUIRED,REVIEW_REQUIRED,57.7,2026-10-02T07:42:32+00:00,2026-10-02T15:41:48+00:00,,9,0,government
40,merit cum means mcm scholarships|iitk.ac.in,Merit-cum Means (MCM) Scholarships,The Institute,university,https://www.iitk.ac.in/sspc/sspc-mcm-scholarship,,,undergraduate (UG) student,"4-year, 5-year, or 2-year M.Sc. program",A student should have a CPI of 6.5 or above to be eligible to receive full MCM scholarship,upto 8.0 lacs,,,SC/ST category,,,,"An undergraduate (UG) student in the 4-year, 5-year, or 2-year M.Sc. program can receive the MCM scholarship subject to the following criteria/conditions",,,,"For the first year UG students, common JEE-AIR or marks obtained will be used for awarding the MCM scholarship.",,"{""max_family_income_inr"": 800000, ""categories"": [""SC"", ""ST""], ""levels"": [""UG""]}",REVIEW_REQUIRED,REVIEW_REQUIRED,55.0,2026-10-02T06:34:23+00:00,2026-10-02T15:41:48+00:00,,9,0,university
115,pragati scholarship scheme|scholarships.gov.in,PRAGATI SCHOLARSHIP SCHEME,AICTE,government,https://scholarships.gov.in/public/schemeGuidelines/AICTE/AICTE_2010_F.pdf,National Scholarship Portal (NSP),,,,,,,,,,,,,,,,,The scholarship will be renewed for the next year of study on receipt of renewal through National Scholarship Portal (NSP) by submitting Promotion Certificate duly certified by the Head of Institution in the online portal.,{},REVIEW_REQUIRED,REVIEW_REQUIRED,51.8,2026-10-02T07:42:14+00:00,2026-10-02T15:41:48+00:00,,9,0,government
157,post matric scholarship|dom.karnataka.gov.in,Post Matric Scholarship,,government,https://dom.karnataka.gov.in/storage/pdf-files/Scholarships%20Latest%20News/PMS%20(MCM)%20Eligibility%20Criteria.pdf,,,,,,Rs.2 Lakh,,,Minorities Communities,Karnataka State,,,Student should belong to Minorities Communities with annual income of parents/guardians not exceeding Rs.2 Lakh for Post Matric Scholarship and belonging to Karnataka State.,,,,,,"{""max_family_income_inr"": 200000, ""categories"": [""MINORITY""], ""domicile_states"": [""Karnataka""]}",REVIEW_REQUIRED,REVIEW_REQUIRED,50.0,2026-10-02T08:34:52+00:00,2026-10-02T15:41:48+00:00,,9,0,government
160,government of karnataka merit cum means scholarship sanctioned released list|dom.karnataka.gov.in,Government of Karnataka Merit Cum Means Scholarship Sanctioned / Released List 2018-19,Directorate of Minorities,government,https://dom.karnataka.gov.in/storage/pdf-files/Merit-Cum-Means%20Scholarship/GOK_MCM_Scholarship_2018-19.pdf,,,,,,,,,,,,,,,,,,,{},REVIEW_REQUIRED,REVIEW_REQUIRED,50.0,2026-10-02T08:35:02+00:00,2026-10-02T15:41:48+00:00,,9,0,government
158,merit cum means scholarship|dom.karnataka.gov.in,Merit Cum Means Scholarship,,government,https://dom.karnataka.gov.in/storage/pdf-files/Scholarships%20Latest%20News/PMS%20(MCM)%20Eligibility%20Criteria.pdf,,,,,50% of marks in previous final exam/semesters is required for applying scholarship for Merit-Cum-Means fresh students only.,Rs.2.5 Lakh,,,Minorities Communities,Karnataka State,,,,,,,,,"{""max_family_income_inr"": 250000, ""min_percentage"": 50.0, ""categories"": [""MINORITY""], ""domicile_states"": [""Karnataka""]}",REVIEW_REQUIRED,REVIEW_REQUIRED,49.2,2026-10-02T08:34:52+00:00,2026-10-02T15:41:48+00:00,,9,0,government
17,reliance foundation postgraduate scholarships|ipu.ac.in,Reliance Foundation Postgraduate Scholarships 2026-2027,Reliance Foundation,university,https://ipu.ac.in/Pubinfo2026/nt030920261118.pdf,www.scholarships.reliancefoundation.org,up to Rs. 6 Lakhs each over the duration of the degree,1st year regular full time PG Students,"Engineering, Technology, Energy and Life-Sciences","score of 550 - 1,000 in the GATE Examination. OR Students who have scored 7.5 or above in their Undergraduate CGPA (or % normalised to CGPA)",,,,,Resident of India,,,"Resident of India, 1st year regular full time PG Students with a score of 550 - 1,000 in the GATE Examination or students who have scored 7.5 or above in their Undergraduate CGPA.",,2026-10-05,,"The Reliance Foundation Postgraduate Scholarships will identify and select the best and brightest
students in India through a rigorous and competitive selection process.",,"{""levels"": [""PG""]}",REVIEW_REQUIRED,REVIEW_REQUIRED,40.0,2026-10-02T06:32:54+00:00,2026-10-02T15:41:48+00:00,,9,0,university
50,golden jubilee scholarship scheme|chowgules.ac.in,Golden Jubilee Scholarship Scheme- 2026,Golden Jubilee Foundation,university,https://www.chowgules.ac.in/wp-content/uploads/2026/09/Golden-Jubilee-Scholarship-Scheme-2026.pdf,https://licindia.in,"An amount of Rs.50,000/- per annum, will be awarded to the selected Scholar
who pursues higher education in the field of Medicine (MBBS, BAMS, BHMS,
BDS)","Class 12th/Diploma, Graduation","Medicine (MBBS, BAMS, BHMS, BDS), Engineering (BE, BTECH, BArch), Graduation in any discipline, Integrated Courses, Diploma Course in any field or other equivalent courses, Vocational Courses through Government recognized Colleges /Institutes or courses in Industrial Training Institutes (ITIs)","at least 60% marks or equivalent CGPA grade in the Academic Year
2023-24/2024-25/2025-26","not
exceeding Rs.4,50,000/- per annum.",,,,studying in India,"Government
or Private college/university",,"All candidates who have passed Class XII exam (or its equivalent) with at least 60% marks or equivalent CGPA grade in the Academic Year 2023-24/2024-25/2025-26, and have taken admission in the academic year 2026-27 for pursuing first year degree course in the field of Medicine, Engineering, Graduation in any discipline, Integrated Courses, Diploma Course or Vocational Courses, and have parents/guardian with an annual income not exceeding Rs.4,50,000/- per annum.",,2026-09-30,"Bank Account details and IFSC code and copy of cancelled cheque with name of beneficiary, Income certificate",Short listing and final selection of candidates shall be done on merit based on percentage of marks obtained in class 12th /10th as applicable.,"Scholarship shall be provided for the entire duration of the course, excluding
internship or stipendiary period, subject to the candidate fulfilling requisite
eligibility conditions for renewal.","{""max_family_income_inr"": 450000, ""min_percentage"": 60.0, ""levels"": [""CLASS_11_12"", ""DIPLOMA"", ""UG""]}",EXPIRED,REVIEW_REQUIRED,40.0,2026-10-02T07:37:48+00:00,2026-10-02T15:41:48+00:00,,9,0,university
59,narotam sekhsaria foundation post graduate scholarship|sakec.ac.in,Narotam Sekhsaria Foundation Post-Graduate Scholarship 2026-27,Narotam Sekhsaria Foundation,university,https://www.sakec.ac.in/category/announcements/scholarship,https://webportalapp.com/sp/ narotam_application_portal26,interest-free loan scholarships,postgraduate studies,"Pure Sciences, Applied Sciences, Social Sciences, Humanities, Engineering, Law, and Management",merit-based,,,,,throughout the country,prestigious institutions in India and abroad,,"The scholarships are open to students throughout the country and across the fields of Pure Sciences, Applied Sciences, Social Sciences, Humanities, Engineering, Law, and Management who will pursue postgraduate studies at prestigious institutions in India and abroad.",,2026-03-18,,,,"{""levels"": [""PG""]}",EXPIRED,REVIEW_REQUIRED,40.0,2026-10-02T07:38:29+00:00,2026-10-02T15:41:48+00:00,,9,0,university
144,pre matric scholarship schemes offered by central ministries|motion.ac.in,Pre-Matric Scholarship Schemes offered by Central Ministries,Central Ministries,university,https://motion.ac.in/examinfo/nsp-scholarship-registration,scholarships.gov.in,,Class 1 to Class 10,,,,,,,Indian,"recognised school, college, or institute",,"You should be an Indian citizen studying in a recognised school, college, or institute.",2026-06-01,2026-09-30,"Aadhaar card or Aadhaar Enrolment ID
Bank passbook copy with account number and IFSC code
Last year’s marksheet or present admission proof
Income certificate from the competent authority
Caste, tribe or minority certificate, for category-based schemes
Disability certificate, if it applies to you
Bonafide or institution verification certificate
Passport-size photograph",The ministry then prepares a merit list on the basis of marks and income category.,,"{""levels"": [""SCHOOL""]}",EXPIRED,REVIEW_REQUIRED,40.0,2026-10-02T08:33:58+00:00,2026-10-02T15:41:48+00:00,,9,0,university
145,national means cum merit scholarship nmms|motion.ac.in,National Means-cum-Merit Scholarship (NMMS),central ministries and the state departments,university,https://motion.ac.in/examinfo/nsp-scholarship-registration,scholarships.gov.in,,,,,low-income families,,,,Indian,"recognised school, college, or institute",,It is for bright students from low-income families.,2026-06-01,2026-09-30,"Aadhaar card or Aadhaar Enrolment ID
Bank passbook copy with account number and IFSC code
Last year’s marksheet or present admission proof
Income certificate from the competent authority
Caste, tribe or minority certificate, for category-based schemes
Disability certificate, if it applies to you
Bonafide or institution verification certificate
Passport-size photograph",The ministry then prepares a merit list on the basis of marks and income category.,,{},EXPIRED,REVIEW_REQUIRED,40.0,2026-10-02T08:33:58+00:00,2026-10-02T15:41:48+00:00,,9,0,university
146,pre matric scholarship for students with disabilities|motion.ac.in,Pre-Matric Scholarship for Students with Disabilities,central ministries and the state departments,university,https://motion.ac.in/examinfo/nsp-scholarship-registration,scholarships.gov.in,,Pre-matric,,,,,,,Indian,"recognised school, college, or institute",Disabilities,"Category-based schemes need a valid caste, tribe, minority, or disability certificate.",2026-06-01,2026-09-30,"Aadhaar card or Aadhaar Enrolment ID
Bank passbook copy with account number and IFSC code
Last year’s marksheet or present admission proof
Income certificate from the competent authority
Caste, tribe or minority certificate, for category-based schemes
Disability certificate, if it applies to you
Bonafide or institution verification certificate
Passport-size photograph",The ministry then prepares a merit list on the basis of marks and income category.,,{},EXPIRED,REVIEW_REQUIRED,40.0,2026-10-02T08:33:58+00:00,2026-10-02T15:41:48+00:00,,9,0,university
147,post matric scholarship schemes under central ministries|motion.ac.in,Post-Matric Scholarship Schemes under Central Ministries,Central Ministries,university,https://motion.ac.in/examinfo/nsp-scholarship-registration,scholarships.gov.in,,"Class 11, graduation, post-graduation and professional courses",professional courses,,,,,,Indian,"recognised school, college, or institute",,"You should be an Indian citizen studying in a recognised school, college, or institute.",2026-06-01,2026-10-31,"Aadhaar card or Aadhaar Enrolment ID
Bank passbook copy with account number and IFSC code
Last year’s marksheet or present admission proof
Income certificate from the competent authority
Caste, tribe or minority certificate, for category-based schemes
Disability certificate, if it applies to you
Bonafide or institution verification certificate
Passport-size photograph",The ministry then prepares a merit list on the basis of marks and income category.,,"{""levels"": [""CLASS_11_12"", ""UG"", ""PG""]}",REVIEW_REQUIRED,REVIEW_REQUIRED,40.0,2026-10-02T08:33:58+00:00,2026-10-02T15:41:48+00:00,,9,0,university
148,central sector scheme of scholarship csss for college and university students|motion.ac.in,Central Sector Scheme of Scholarship (CSSS) for College and University Students,central ministries and the state departments,university,https://motion.ac.in/examinfo/nsp-scholarship-registration,scholarships.gov.in,,College and University,,top 20 percentile,,,,,Indian,College and University,,"Merit-based schemes like CSSS ask for a minimum percentage, usually the top 20 percentile.",2026-06-01,2026-10-31,"Aadhaar card or Aadhaar Enrolment ID
Bank passbook copy with account number and IFSC code
Last year’s marksheet or present admission proof
Income certificate from the competent authority
Caste, tribe or minority certificate, for category-based schemes
Disability certificate, if it applies to you
Bonafide or institution verification certificate
Passport-size photograph",The ministry then prepares a merit list on the basis of marks and income category.,,"{""levels"": [""UG"", ""PG""]}",REVIEW_REQUIRED,REVIEW_REQUIRED,40.0,2026-10-02T08:33:58+00:00,2026-10-02T15:41:48+00:00,,9,0,university
149,post matric and top class scholarship for students with disabilities|motion.ac.in,Post-Matric and Top Class Scholarship for Students with Disabilities,central ministries and the state departments,university,https://motion.ac.in/examinfo/nsp-scholarship-registration,scholarships.gov.in,,Post-Matric,,,,,,,Indian,"recognised school, college, or institute",Disabilities,"Category-based schemes need a valid caste, tribe, minority, or disability certificate.",2026-06-01,2026-10-31,"Aadhaar card or Aadhaar Enrolment ID
Bank passbook copy with account number and IFSC code
Last year’s marksheet or present admission proof
Income certificate from the competent authority
Caste, tribe or minority certificate, for category-based schemes
Disability certificate, if it applies to you
Bonafide or institution verification certificate
Passport-size photograph",The ministry then prepares a merit list on the basis of marks and income category.,,"{""levels"": [""CLASS_11_12"", ""UG"", ""PG""]}",REVIEW_REQUIRED,REVIEW_REQUIRED,40.0,2026-10-02T08:33:58+00:00,2026-10-02T15:41:48+00:00,,9,0,university
150,national fellowship and scholarship for higher education of st students|motion.ac.in,National Fellowship and Scholarship for Higher Education of ST Students,Ministry of Tribal Affairs,university,https://motion.ac.in/examinfo/nsp-scholarship-registration,scholarships.gov.in,,Higher Education,,,,,,ST,Indian,"recognised school, college, or institute",,"Category-based schemes need a valid caste, tribe, minority, or disability certificate.",2026-06-01,2026-10-31,"Aadhaar card or Aadhaar Enrolment ID
Bank passbook copy with account number and IFSC code
Last year’s marksheet or present admission proof
Income certificate from the competent authority
Caste, tribe or minority certificate, for category-based schemes
Disability certificate, if it applies to you
Bonafide or institution verification certificate
Passport-size photograph",The ministry then prepares a merit list on the basis of marks and income category.,,"{""categories"": [""ST""], ""levels"": [""UG"", ""PG"", ""PHD""]}",REVIEW_REQUIRED,REVIEW_REQUIRED,40.0,2026-10-02T08:33:58+00:00,2026-10-02T15:41:48+00:00,,9,0,university
151,aicte pragati saksham and swanath scholarship schemes|motion.ac.in,"AICTE Pragati, Saksham and Swanath Scholarship Schemes",AICTE,university,https://motion.ac.in/examinfo/nsp-scholarship-registration,scholarships.gov.in,,technical students,technical,,,,,,Indian,"recognised school, college, or institute",,"AICTE Pragati, Saksham and Swanath Schemes, for technical students",2026-06-01,2026-10-31,"Aadhaar card or Aadhaar Enrolment ID
Bank passbook copy with account number and IFSC code
Last year’s marksheet or present admission proof
Income certificate from the competent authority
Caste, tribe or minority certificate, for category-based schemes
Disability certificate, if it applies to you
Bonafide or institution verification certificate
Passport-size photograph",The ministry then prepares a merit list on the basis of marks and income category.,,{},REVIEW_REQUIRED,REVIEW_REQUIRED,40.0,2026-10-02T08:33:58+00:00,2026-10-02T15:41:48+00:00,,9,0,university
178,national scholarship for higher education sc st students|nitk.ac.in,National Scholarship for Higher Education (SC/ST Students),"National Institute of Technology Karnataka, Surathkal",university,https://www.nitk.ac.in/document/attachments/9953/NSP_Notice-2026.pdf,www.scholarships.gov.in,,undergraduate (UG),,,below Rs. 8 lakhs for SC students and Rs. 6 lakhs for ST students,,,SC/ST,,,,This scholarship is available for undergraduate (UG) students whose family annual income from all sources is below Rs. 8 lakhs for SC students and Rs. 6 lakhs for ST students.,2026-07-22,2026-10-31,"Caste Certificate, Income Certificate, Fee Receipt (Expenditure Certificate), Bank Passbook copy and Mark Sheet","SC Students: 13 slots available, based on JEE Main CRL Ranking. ST Students: All eligible ST students can apply",Applications (Fresh / Renewal) are now open,"{""max_family_income_inr"": 800000, ""categories"": [""SC"", ""ST""], ""levels"": [""UG""]}",REVIEW_REQUIRED,REVIEW_REQUIRED,40.0,2026-10-02T08:43:32+00:00,2026-10-02T15:41:48+00:00,,9,0,university
16,reliance foundation undergraduate scholarships|ipu.ac.in,Reliance Foundation Undergraduate Scholarships 2026-2027,Reliance Foundation,university,https://ipu.ac.in/Pubinfo2026/nt030920261118.pdf,www.scholarships.reliancefoundation.org,up to Rs. 2 Lakhs each over the duration of the programme,1st year regular full-time UG degree,any stream,passed std. 12th with a minimum of 60% marks,House Hold income < Rs. 15 lacs,,,,resident citizen of India,,,"Be a resident citizen of India, students who have passed std. 12th with a minimum of 60% marks and enrolled in 1st year regular full-time UG degree in any stream, and students having House Hold income < Rs. 15 lacs.",,2026-10-05,,,,"{""max_family_income_inr"": 1500000, ""min_percentage"": 60.0, ""levels"": [""UG""]}",REVIEW_REQUIRED,REVIEW_REQUIRED,39.6,2026-10-02T06:32:54+00:00,2026-10-02T15:41:48+00:00,,9,0,university
61,reliance foundation undergraduate scholarships|sakec.ac.in,Reliance Foundation Undergraduate Scholarships,Reliance Foundation,university,https://www.sakec.ac.in/category/announcements/scholarship,www.scholarships.reliancefoundation.org,up to Rs. 2 Lakhs each over the duration of the degree,First-year students who are studying any regular full-time undergraduate degree programme,any stream of their choice,meritorious,under Rs.15 lakh,,,,across India,any institute from across the country,,"During the 2024-25 academic cycle, the Reliance Foundation Undergraduate Scholarships will invite first-year undergraduate students enrolled in any stream of their choice in any institute from across the country who fulfil the Scholarship’s academic and household income criteria to apply, enabling them to continue their studies without the financial burden, and setting them up for future success.",,2024-10-06,,,,"{""max_family_income_inr"": 1500000, ""levels"": [""UG""]}",EXPIRED,REVIEW_REQUIRED,35.0,2026-10-02T07:38:29+00:00,2026-10-02T15:41:48+00:00,,9,0,university
62,reliance foundation postgraduate scholarships|sakec.ac.in,Reliance Foundation Postgraduate Scholarships,Reliance Foundation,university,https://www.sakec.ac.in/category/announcements/scholarship,www.scholarships.reliancefoundation.org,up to Rs. 6 Lakhs each over the duration of the degree,First-year students who are studying in regular full-time postgraduate degree programme,"select future-ready courses in Engineering, Technology, Energy and Life-Sciences",awarded purely on the basis of merit,,,,,,,,"The Reliance Foundation Postgraduate Scholarships aim to enable and propel India’s future leaders who can think big, think green, think digital for the benefit of society.",,2024-10-06,,awarded purely on the basis of merit,,"{""levels"": [""PG""]}",EXPIRED,REVIEW_REQUIRED,35.0,2026-10-02T07:38:29+00:00,2026-10-02T15:41:48+00:00,,9,0,university
97,stipendium hungaricum scholarship programme|ugc.gov.in,Stipendium Hungaricum Scholarship Programme,"Tempus Public Foundation, Budapest, University Grants Commission",government,https://www.ugc.gov.in/pdfnews/5130869_Public-Notice-Stipendium-Scholarship.pdf,www.stipendiumhungaricum.hu,,"Undergraduate, Postgraduate and Doctoral studies",,Must possess at least 60% in the last examination passed.,,"Applicants born after 31st August, 2008 shall not be considered.",,,Indian,recognized Indian Educational Institute,,"Must be an Indian citizen born on or before 31st August, 2008, possessing at least 60% in the last examination passed from a recognized Indian Educational Institute, and applied online to Tempus Public Foundation.",,2026-01-15,"Filled in application in the UGC prescribed format, Print out of the online application (without annexures), Date of Birth Certificate/ Xth Certificate showing date of birth, Mark sheet of the last exam passed, A Copy of Passport or any other valid ID proof of citizenship",,,"{""min_percentage"": 60, ""levels"": [""UG"", ""PG"", ""PHD""]}",EXPIRED,REVIEW_REQUIRED,34.6,2026-10-02T07:40:32+00:00,2026-10-02T15:41:48+00:00,,9,0,government
60,sbi platinum jubilee asha scholarship programme|sakec.ac.in,SBI Platinum Jubilee Asha Scholarship Programme 2025,SBI Foundation,university,https://www.sakec.ac.in/category/announcements/scholarship,https://www.sbiashascholarship.co.in,"₹15,000 to ₹20,00,000 per annum",Class 9 up to postgraduate levels,,meritorious,,,,SC/ST,across India,institutions ranked up to NIRF 300 or accredited with NAAC Grade A,,"This significant programme aims to empower 23,230 meritorious students from underprivileged backgrounds across India, enabling them to pursue their academic aspirations with dignity and confidence.",2025-11-10,,,,,"{""levels"": [""SCHOOL"", ""CLASS_11_12"", ""UG"", ""PG"", ""PHD""]}",REVIEW_REQUIRED,REVIEW_REQUIRED,30.0,2026-10-02T07:38:29+00:00,2026-10-02T15:41:48+00:00,,9,0,university
84,central sector scholarship of top class education for sc students|iimranchi.ac.in,Central Sector Scholarship of Top Class Education for SC Students,National Scholarship Portal,university,https://iimranchi.ac.in/media/2026/07/NSP-Notification-Fresh-Renewal-2026-27.pdf,,,postgraduate,,,₹8.00 lakh,,,SC,,IIM Ranchi,,Eligible students are advised to carefully read the scheme guidelines and submit their applications within the prescribed timelines.,,2026-10-31,Affidavit and all other relevant supporting documents,,,"{""max_family_income_inr"": 800000, ""categories"": [""SC""], ""levels"": [""PG""]}",REVIEW_REQUIRED,REVIEW_REQUIRED,30.0,2026-10-02T07:39:54+00:00,2026-10-02T15:41:48+00:00,,9,0,university
85,national fellowship and scholarship for higher education of st students top class st scheme|iimranchi.ac.in,National Fellowship and Scholarship for Higher Education of ST Students (Top Class ST Scheme),National Scholarship Portal,university,https://iimranchi.ac.in/media/2026/07/NSP-Notification-Fresh-Renewal-2026-27.pdf,,,postgraduate,,,₹6.00 lakh per annum,,,ST,,IIM Ranchi,,Eligible students are advised to carefully read the scheme guidelines and submit their applications within the prescribed timelines.,,2026-10-31,Affidavit and all other relevant supporting documents,,,"{""max_family_income_inr"": 600000, ""categories"": [""ST""], ""levels"": [""PG""]}",REVIEW_REQUIRED,REVIEW_REQUIRED,30.0,2026-10-02T07:39:54+00:00,2026-10-02T15:41:48+00:00,,9,0,university
86,scholarship for top class education for students with disabilities|iimranchi.ac.in,Scholarship for Top Class Education for Students with Disabilities,National Scholarship Portal,university,https://iimranchi.ac.in/media/2026/07/NSP-Notification-Fresh-Renewal-2026-27.pdf,,,postgraduate,,,₹8.00 lakh,,,,,IIM Ranchi,students with disabilities,Eligible students are advised to carefully read the scheme guidelines and submit their applications within the prescribed timelines.,,2026-10-31,Affidavit and all other relevant supporting documents,,,"{""max_family_income_inr"": 800000, ""levels"": [""PG""]}",REVIEW_REQUIRED,REVIEW_REQUIRED,30.0,2026-10-02T07:39:54+00:00,2026-10-02T15:41:48+00:00,,9,0,university
87,post matric scholarship for students with disabilities divyangjan|iimranchi.ac.in,Post-Matric Scholarship for Students with Disabilities (Divyangjan),National Scholarship Portal,university,https://iimranchi.ac.in/media/2026/07/NSP-Notification-Fresh-Renewal-2026-27.pdf,,,postgraduate,,,₹2.50 lakh,,,,,IIM Ranchi,Students with Disabilities (Divyangjan),Eligible students are advised to carefully read the scheme guidelines and submit their applications within the prescribed timelines.,,2026-10-31,Affidavit and all other relevant supporting documents,,,"{""max_family_income_inr"": 250000, ""levels"": [""PG""]}",REVIEW_REQUIRED,REVIEW_REQUIRED,30.0,2026-10-02T07:39:54+00:00,2026-10-02T15:41:48+00:00,,9,0,university
88,merit scholarship for a single girl child|motion.ac.in,Merit Scholarship for a Single Girl Child,Central Board of Secondary Education (CBSE),university,https://motion.ac.in/examinfo/cbse-scholarship,cbse.gov.in,"₹1,000 per month (Total benefit of ₹24,000 over the full term)",Class 11 or 12,,minimum of 70% in the CBSE class 10th of 2025,"The school tuition fees for Indian students should not exceed ₹2,500 per month, while for NRI students, they should not be more than ₹6,000 per month.",,girl,,citizen of India,CBSE-affiliated school,,This CBSE scholarship is only for girl students who are the only child of their parents.,,,"Class 10-mark sheet and passing certificate (attested copies), Notarized Affidavit (as per the CBSE format) stating that the student is the only child, signed by a First-Class Judicial Magistrate or an equivalent authority, Parents indicating their daughter is the only girl child of their family and is studying in Class 11 or 12, Aadhaar card copy, Bank passbook of the student showing account details for Direct Benefit Transfer (DBT), Evidence that the student is studying in a CBSE-recognised school, Class 11 mark-sheet and certificate (for scholarship renewal only), Updated bank details (for renewal purposes)",,Valid for a maximum of 2 academic years,"{""min_percentage"": 70.0, ""gender"": ""female"", ""levels"": [""CLASS_11_12""]}",REVIEW_REQUIRED,REVIEW_REQUIRED,30.0,2026-10-02T07:40:03+00:00,2026-10-02T15:41:48+00:00,,9,0,university
152,reliance foundation scholarships|shcollege.ac.in,Reliance Foundation Scholarships,Reliance Foundation,university,https://www.shcollege.ac.in/news/applications-invited-for-reliance-foundation-scholarships-2026-27,scholarships.reliancefoundation.org,,Undergraduate (UG) and Postgraduate (PG),,,,,,,,,,Applications are invited from eligible first-year Undergraduate (UG) and Postgraduate (PG) students for the Reliance Foundation Scholarships for the academic year 2026–27,,2026-10-05,,,,"{""levels"": [""UG"", ""PG""]}",REVIEW_REQUIRED,REVIEW_REQUIRED,30.0,2026-10-02T08:34:00+00:00,2026-10-02T15:41:48+00:00,,9,0,university
177,national scholarship for higher education for obc students pm yasasvi central sector scheme of top class education in college for obc ebc and dnt students|nitk.ac.in,"National Scholarship for Higher Education for OBC students PM YASASVI CENTRAL SECTOR SCHEME OF TOP CLASS EDUCATION IN COLLEGE FOR OBC, EBC AND DNT STUDENTS",,university,https://www.nitk.ac.in/document/attachments/9957/scholarship_notice_2026-27.pdf,www.scholarships.gov.in,"i. Tuition Fees
ii. Non- refundable charges
iii. Rs. 3000/- (living expenses) per month
iv. Rs. 5000/- (books & stationery) per annum
v. Rs. 45000/- laptop (one time)",All UG students (including higher semester),B. Tech,"Top 62 OBC, EBC and DNT students (JEE Mains Rank)",less than Rs. 2.50 lakh,,,"OBC, EBC and DNT",,,,All UG students (including higher semester) students whose total annual family income from all sources is less than Rs. 2.50 lakh are eligible to apply for this scholarship.,,,"Income, Caste certificate, previous year marks sheet, Expenditure certificate","Top 62 OBC, EBC and DNT students (JEE Mains Rank)",,"{""max_family_income_inr"": 250000, ""categories"": [""OBC"", ""EBC"", ""DNT""], ""levels"": [""UG""]}",REVIEW_REQUIRED,REVIEW_REQUIRED,30.0,2026-10-02T08:43:27+00:00,2026-10-02T15:41:48+00:00,,9,0,university
185,cbse single girl child merit scholarship|motion.ac.in,CBSE Single Girl Child Merit Scholarship,Central Board of Secondary Education (CBSE),university,https://motion.ac.in/examinfo/cbse-scholarship,cbse.gov.in,"₹1,000 per month (Total benefit of ₹24,000 over the full term)",Class 11 or 12,,minimum of 70% in the CBSE class 10th of 2025,,,girl,,India,CBSE-affiliated school,,This CBSE scholarship is only for girl students who are the only child of their parents.,,,"Class 10-mark sheet and passing certificate (attested copies)
Notarized Affidavit (as per the CBSE format) stating that the student is the only child, signed by a First-Class Judicial Magistrate or an equivalent authority.
Parents indicating their daughter is the only girl child of their family and is studying in Class 11 or 12.
Aadhaar card copy
Bank passbook of the student showing account details for Direct Benefit Transfer (DBT)
Evidence that the student is studying in a CBSE-recognised school
Class 11 mark-sheet and certificate (for scholarship renewal only)
Updated bank details (for renewal purposes)",,"If the student continues the same course, the scholarship needs to be renewed every year","{""min_percentage"": 70.0, ""gender"": ""female"", ""levels"": [""SCHOOL""]}",REVIEW_REQUIRED,REVIEW_REQUIRED,30.0,2026-10-02T14:43:58+00:00,2026-10-02T15:41:48+00:00,,9,0,university
176,reliance foundation postgraduate scholarships|nitk.ac.in,RELIANCE FOUNDATION POSTGRADUATE SCHOLARSHIPS,RELIANCE FOUNDATION,university,https://www.nitk.ac.in/document/attachments/10109/reliance-poster-pg-2026.pdf,www.scholarships.reliancefoundation.org,Up to ₹ 6 Lakh for every scholar selected on merit-basis for study in select fields,PG Students,"Engineering, Technology, Energy & Life Sciences","secured a score of 550 - 1,000 in the GATE Examination. OR First year full time regular PG students who have scored 7.5 or above in their Undergraduate CGPA (or % normalised to CGPA)",,,,,resident Indian citizen,,,"Be a resident Indian citizen First year full time regular PG Students who secured a score of 550 - 1,000 in the GATE Examination. OR First year full time regular PG students who have scored 7.5 or above in their Undergraduate CGPA (or % normalised to CGPA) Pursuing select future-ready courses in Engineering, Technology, Energy and Life Sciences.",,,,merit-basis,,"{""levels"": [""PG""]}",REVIEW_REQUIRED,REVIEW_REQUIRED,29.6,2026-10-02T08:43:21+00:00,2026-10-02T15:41:48+00:00,,9,0,university
89,central sector scheme of scholarship csss|motion.ac.in,Central Sector Scheme of Scholarship (CSSS),Central Board of Secondary Education (CBSE),university,https://motion.ac.in/examinfo/cbse-scholarship,scholarships.gov.in,"₹12,000 per year – for the first 3 years of regular UG courses, ₹20,000 per year – in 4th & 5th year for professional or integrated programs like B.Tech, MBBS, etc.",undergraduate or postgraduate,undergraduate or postgraduate course,80th percentile in the CBSE 12th Board (2026) exam,₹4.5 lakh,,,,citizen of India,,,"This CBSE scholarship is given every year to help more than 82,000 students who score well in Class 12 but face financial problems.",,,"Copy of the Class 12th mark sheet and passing certificate, Income certificate from a government-recognized authority, Copy of the first page of the bank passbook to show account number and IFSC code (in case of Direct Bank Transfer – DBT), Aadhaar card as ID proof and to link with the bank account, College/Institute verification form signed by the College/Institute, Caste certificate (Only if the candidate is from a reserved category)",,"If the student continues the same course, the scholarship needs to be renewed every year","{""max_family_income_inr"": 450000, ""levels"": [""UG"", ""PG""]}",REVIEW_REQUIRED,REVIEW_REQUIRED,29.3,2026-10-02T07:40:03+00:00,2026-10-02T15:41:48+00:00,,9,0,university
52,post matric scholarship mp for sc st and obc students|mpu.ac.in,"Post Matric Scholarship MP, For SC, ST, and OBC Students",Madhya Pradesh government,university,https://mpu.ac.in/blogs/mp-scholarship-types-eligibility-how-to-apply,scholarshipportal.mp.gov.in,"₹230 to ₹1,500 per month, depending on the course level and whether the student is a hostel resident or a day scholar","degree, diploma, ITI, and postgraduate programmes",,,below ₹6 lakh,,,"Scheduled Caste, Scheduled Tribe, and Other Backward Class",MP domicile,,,"It covers students from Scheduled Caste, Scheduled Tribe, and Other Backward Class categories who are studying beyond Class 12, including degree, diploma, ITI, and postgraduate programmes.",,,,,,"{""max_family_income_inr"": 600000, ""categories"": [""SC"", ""ST"", ""OBC""], ""levels"": [""DIPLOMA"", ""UG"", ""PG""]}",REVIEW_REQUIRED,REVIEW_REQUIRED,25.0,2026-10-02T07:38:13+00:00,2026-10-02T15:41:48+00:00,,9,0,university
90,cbse board merit scholarship for sc st students|motion.ac.in,CBSE Board Merit Scholarship for SC/ST Students,Central Board of Secondary Education (CBSE),university,https://motion.ac.in/examinfo/cbse-scholarship,cbse.gov.in,"₹12,000 annually to help with educational expenses",Class 10 or Class 12,,minimum of 85% marks in their CBSE Class 10 or Class 12 board exams,,,,Scheduled Caste (SC) or Scheduled Tribe (ST),Indian nationality,school affiliated with the CBSE board,,This scholarship is for Scheduled Caste (SC) and Scheduled Tribe (ST) students.,,,"Class 10- or 12-mark sheet and certificate copy, Caste certificate issued by the competent authority of a State or Union Territory, Document proof related to the student’s enrolment in a CBSE School, Bank passbook copy with account details, Aadhaar card for the authentication of Identity",,"If the student continues the same course, the scholarship needs to be renewed every year","{""min_percentage"": 85.0, ""categories"": [""SC"", ""ST""], ""levels"": [""SCHOOL"", ""CLASS_11_12""]}",REVIEW_REQUIRED,REVIEW_REQUIRED,25.0,2026-10-02T07:40:03+00:00,2026-10-02T15:41:48+00:00,,9,0,university
83,up scholarship|news.aakash.ac.in,UP Scholarship,Uttar Pradesh Social Welfare Department,university,https://news.aakash.ac.in/scholarships/up-scholarship-2026-27-registration-classes-9-to-12,scholarship.up.gov.in,,Classes 9 to 12,,,,,,"General, SC, ST, OBC and minority categories",Uttar Pradesh,,,The UP Scholarship Class 9 to 12 scheme includes eligible students applying under the state's pre-matric and post-matric scholarship categories.,2026-08-11,,,School or institutional authorities verify the submitted information before applications move through further district-level checks and technical scrutiny.,Students applying for renewal should also check that their previous scholarship details and current academic information are correctly reflected.,"{""categories"": [""SC"", ""ST"", ""OBC"", ""MINORITY"", ""GENERAL""], ""levels"": [""SCHOOL"", ""CLASS_11_12""], ""domicile_states"": [""Uttar Pradesh""]}",REVIEW_REQUIRED,REVIEW_REQUIRED,24.6,2026-10-02T07:39:41+00:00,2026-10-02T15:41:48+00:00,,9,0,university
36,mission shakti scholarship|sharda.ac.in,Mission Shakti Scholarship,Uttar Pradesh Government,university,https://www.sharda.ac.in/scholarship,,50% waiver in admission fees,,,,,,Female,,,Sharda University,,"Female students are awarded 50% waiver in admission fees under Mission Scholarship, to promote girl child education under Uttar Pradesh Government. “Mission Sashaktikaran”.",,,,,,"{""gender"": ""female""}",REVIEW_REQUIRED,REVIEW_REQUIRED,20.0,2026-10-02T06:33:28+00:00,2026-10-02T15:41:48+00:00,,9,0,university
51,central sector scheme of top class education in college for obc ebc and dnt students|cdn.iiitkota.ac.in,"CENTRAL SECTOR SCHEME OF TOP CLASS EDUCATION IN COLLEGE FOR OBC, EBC AND DNT STUDENTS",Ministry of Social Justice and Empowerment,university,https://cdn.iiitkota.ac.in/announcements/doc/2026-08-24_ApprovedmodifieddraftofTopClassCollege2026-27.pdf,National Scholarship Portal (NSP),(a) full tuition fee and non-refundable charges (there will be a ceiling of Rs. 2.00 lakh per annum per student for private sector institutions and Rs. 3.72 lakhs per annum per student for the private sector flying clubs for Commercial Pilot Training and Type Rating Courses) (b) living expenses to the beneficiary @Rs.3000/-per month per student (c) books and stationery @ Rs. 5000/- per annum per student and (iv) a latest computer/laptop of reputed brand with accessories like UPS and printer limited to Rs.45000/- per student as one time assistance during the course.,studies beyond class XIIth,,,Rs. 2.50 lakh,,,"OBC, EBC and DNT",,notified institutions,,"Those OBC/EBC/DNT students having total annual family income from all sources up to Rs. 2.50 lakh and having secured admission in a full-time prescribed course in any of the notified institutions according to the general selection criteria prescribed by the concerned institution, will be eligible for scholarship under the Scheme to the extent of the number of scholarships (slots) allocated to the institution for the course.",,,"income certificate and caste certificate on the Portal along with details of their bank account, Admission Rank and Fee details","in the case of new entrants i.e. to the first year of the course, the institution will select eligible OBC/EBC/DNT students on the basis of merit as per the entrance examination merit list.","The scholarship, once awarded, will continue till the completion of the course, subject to satisfactory performance of the student. The students are required to apply for scholarship every year even in case of renewal also.","{""max_family_income_inr"": 250000, ""categories"": [""OBC"", ""EBC"", ""DNT""], ""levels"": [""UG"", ""PG"", ""PHD""]}",REVIEW_REQUIRED,REVIEW_REQUIRED,20.0,2026-10-02T07:37:54+00:00,2026-10-02T15:41:48+00:00,,9,0,university
54,pratibha kiran scholarship|mpu.ac.in,Pratibha Kiran Scholarship,Madhya Pradesh government,university,https://mpu.ac.in/blogs/mp-scholarship-types-eligibility-how-to-apply,,"₹500 per month for 10 months, ₹5,000 per academic year",,,minimum 60% in Class 12,annual family income below the specified threshold,,Female student,,MP domicile,,,"Female student, MP domicile, resident of an urban area, minimum 60% in Class 12, annual family income below the specified threshold.",,,,,,"{""min_percentage"": 60.0, ""gender"": ""female""}",REVIEW_REQUIRED,REVIEW_REQUIRED,20.0,2026-10-02T07:38:13+00:00,2026-10-02T15:41:48+00:00,,9,0,university
56,national talent hunt scholarship|mpu.ac.in,National Talent Hunt Scholarship,MPU,university,https://mpu.ac.in/blogs/mp-scholarship-types-eligibility-how-to-apply,,up to 50% of tuition fees,,"PCM, Commerce or Arts",score above 90% in PCM or above 80% in Commerce or Arts in Class 12,,,,,,MPU,,Covers up to 50% of tuition fees for students who score above 90% in PCM or above 80% in Commerce or Arts in Class 12.,,,,,,"{""min_percentage"": 80.0}",REVIEW_REQUIRED,REVIEW_REQUIRED,20.0,2026-10-02T07:38:13+00:00,2026-10-02T15:41:48+00:00,,9,0,university
78,nec merit scholarship|nitkkr.ac.in,NEC Merit Scholarship,"North Eastern Council, Ministry of Ministry of Development of North Eastern Region, Government of India, Shillong",university,https://nitkkr.ac.in/wp-content/uploads/2025/04/Financial-Support-To-The-Students-Of-Ner-For-Higher-Professional-CoursesNec-Merit-Scholarship.pdf,www.scholarships.in,"Diploma 20,000/-p.a.
Degree 22,000/- p.a.
Post graduate 25,000/- p.a.
M. Phil./Ph D 30,000/- p.a.","Diploma, Degree, Post-graduate or registration in M.Phil. / Ph.D courses",,minimum 60% marks in aggregate,Rs 8.0 lakh,,,,permanent resident of any of the North Eastern States,any institute recognized by the Government,,The scholarship is open only to a student who is a permanent resident of any of the North Eastern States.,,,Permanent Residential Certificate (PRC) issued by the Dy. Commissioner /Addl. Dy. Commissioners/ Sub-divisional officer of civil sub-divisions in NE States; except Sikkim where Certificate of Identification (COI) issued by the respective Deputy Commissioner in the Govt. of Sikkim to its Permanent residents. Income Certificate issued by the Competent Authority. Bank Account Pass Book. Details of qualifying examination. Synopsis signed by the project guide / Director (Research) or any official authorized by the Institute/University in the case of M.Phil/Ph.D. candidates.,The merit list will be prepared exclusively on the basis of marks obtained by the candidate in the qualifying exams and complying with the level-of-course-wise slots allotted to the states,"Every renewal of scholarship is for a period of one academic year only, if not otherwise specified. All existing and eligible beneficiaries of the scholarship are required to fill up the renewal form on NSP every year during their entire course period.","{""max_family_income_inr"": 800000, ""min_percentage"": 60.0, ""levels"": [""DIPLOMA"", ""UG"", ""PG"", ""PHD""]}",REVIEW_REQUIRED,REVIEW_REQUIRED,20.0,2026-10-02T07:38:59+00:00,2026-10-02T15:41:48+00:00,,9,0,university
39,up post matric dashmottar scholarship|rrimt.ac.in,UP Post Matric (Dashmottar) Scholarship 2026,Social Welfare Department of Uttar Pradesh,university,https://rrimt.ac.in/scholarships-for-b-tech-students-in-up,,full or partial fee reimbursement,B.Tech,B.Tech,,below ₹2.5 lakhs (SC/ST) or ₹2 lakhs (others),,,General/OBC/SC/ST/Minority,Uttar Pradesh,,,It offers full or partial fee reimbursement for B.Tech students (General/OBC/SC/ST/Minority) whose family income is below ₹2.5 lakhs (SC/ST) or ₹2 lakhs (others).,,,,,You must apply under the “Renewal” category on the Saksham portal. You will need to upload your previous year’s passing mark sheet (without backlogs) and your new fee receipt.,"{""max_family_income_inr"": 250000, ""categories"": [""SC"", ""ST"", ""OBC"", ""MINORITY"", ""GENERAL""], ""levels"": [""UG""], ""domicile_states"": [""Uttar Pradesh""]}",REVIEW_REQUIRED,REVIEW_REQUIRED,19.6,2026-10-02T06:34:07+00:00,2026-10-02T15:41:48+00:00,,9,0,university
38,national fellowship and scholarship for higher education of st students|assets.iiitdwd.ac.in,National Fellowship and Scholarship for Higher Education of ST Students,Ministry of Tribal Affairs,university,https://assets.iiitdwd.ac.in/docs/NSP_ST_category_2026-27.pdf,,,Graduate/Postgraduate,,,Annual family income must not exceed ₹6.00 lakh,,,ST,,Ministry-notified institutions (265 premier institutes),,Course Level: Graduate/Postgraduate in Ministry-notified institutions (265 premier institutes). Open for all eligible candidates. Family Income: Annual family income must not exceed ₹6.00 lakh (gross income from all sources from both father and mother).,,,,,Valid till completion of course (based on satisfactory performance).,"{""max_family_income_inr"": 600000, ""categories"": [""ST""], ""levels"": [""UG"", ""PG""]}",REVIEW_REQUIRED,REVIEW_REQUIRED,18.6,2026-10-02T06:33:42+00:00,2026-10-02T15:41:48+00:00,,9,0,university
53,vikramaditya scholarship scheme|mpu.ac.in,Vikramaditya Scholarship Scheme,Madhya Pradesh government,university,https://mpu.ac.in/blogs/mp-scholarship-types-eligibility-how-to-apply,,,degree or diploma programme,,,economically weaker sections,,,General category,MP domicile,recognised institution in Madhya Pradesh,,General category students who are MP domicile and belong to the economically weaker sections.,,,,,,"{""categories"": [""GENERAL""], ""levels"": [""DIPLOMA"", ""UG"", ""PG""]}",REVIEW_REQUIRED,REVIEW_REQUIRED,15.0,2026-10-02T07:38:13+00:00,2026-10-02T15:41:48+00:00,,9,0,university
66,national loan scholarship|shcollege.ac.in,National Loan Scholarship,Government Agencies,university,https://www.shcollege.ac.in/scholarships,,"I UG
Rs.720/-per annum
I PG
Rs.900/-per annum","I UG
I PG",,"Those who have minimum 50% marks and with an annual family income below Rs. 25,000/- are eligible for this scholarship.","Rs. 25,000/-",,,,,,,"Those who have minimum 50% marks and with an annual family income below Rs. 25,000/- are eligible for this scholarship.",,,,,,"{""max_family_income_inr"": 25000, ""min_percentage"": 50.0, ""levels"": [""UG"", ""PG""]}",REVIEW_REQUIRED,REVIEW_REQUIRED,15.0,2026-10-02T07:38:54+00:00,2026-10-02T15:41:48+00:00,,9,0,university
67,kerala state govt scholarship|shcollege.ac.in,Kerala State Govt. Scholarship,Government Agencies,university,https://www.shcollege.ac.in/scholarships,,"I UG
Rs. 10,000/- per annum
Rs. 625/- per annum
I PG
Rs. 12,000/- per annum
Rs. 750/- per annum.","I UG
I PG",,,"I UG
Rs. 10,000/- per annum
I PG
Rs. 12,000/- per annum",,,,Kerala State,,,These Scholarships are for low income group students.,,,income certificate and a copy of mark list,,Application should be renewed every year.,"{""max_family_income_inr"": 12000, ""levels"": [""UG"", ""PG""], ""domicile_states"": [""Kerala""]}",REVIEW_REQUIRED,REVIEW_REQUIRED,15.0,2026-10-02T07:38:54+00:00,2026-10-02T15:41:48+00:00,,9,0,university
76,ugc scholarship for single girl child|shcollege.ac.in,UGC Scholarship for Single Girl Child,University Grants Commission,university,https://www.shcollege.ac.in/scholarships,,Rs. 2000 per month for two years,postgraduate,PG programme,,,,single girl children,,,recognised University/College,,This is a postgraduate scholarship awarded to single girl children.,,,"proof age, proof of admission to a PG programme to a recognised University/College, and Affidavit of the single girl child status",,,"{""gender"": ""female"", ""levels"": [""PG""]}",REVIEW_REQUIRED,REVIEW_REQUIRED,15.0,2026-10-02T07:38:54+00:00,2026-10-02T15:41:48+00:00,,9,0,university
81,merit scholarships|sanskrit.nic.in,Merit Scholarships,"Central Sanskrit University, Delhi",government,https://www.sanskrit.nic.in/schemes/scholarships.php,,,Purvamadhyama to Uttarmadhyama/Prak-Shastri and the level of Shastri/Acharya/Vidya-Varidhi and Modern institutions from Secondary/Senior Secondary Schools (from 9th to 12th standard) and the levels of Graduation/Post Graduation/Ph.D.,Sanskrit/Pali/Prakrit languages,"General Category - 60% marks, SC/ST/Differently abled - 50% marks, OBC - 55% marks",,,,,,recognized traditional Pathashalas ... and Modern institutions from Secondary/Senior Secondary Schools,,The University also awards a merit scholarship on All India Basis to regular students pursuing higher course of studies in Sanskrit including Pali/Prakrit in any recognized traditional Pathashalas from Purvamadhyama to Uttarmadhyama/Prak-Shastri and the level of Shastri/Acharya/Vidya-Varidhi and Modern institutions from Secondary/Senior Secondary Schools (from 9th to 12th standard) and the levels of Graduation/Post Graduation/Ph.D.,,,,,,"{""min_percentage"": 50.0, ""levels"": [""SCHOOL"", ""CLASS_11_12"", ""UG"", ""PG"", ""PHD""]}",REVIEW_REQUIRED,REVIEW_REQUIRED,15.0,2026-10-02T07:39:19+00:00,2026-10-02T15:41:48+00:00,,9,0,government
133,all india scholarship test exam aiste|samglobaluniversity.ac.in,All India Scholarship Test Exam (AISTE),,university,https://www.samglobaluniversity.ac.in/top-10-free-online-scholarship-exams-for-class-11th-12th-in-india,,"₹90,000 in scholarships + laptops and merit certificates",Class 6–12 students,,,,,,,,,,Class 6-12 students are eligible.,,,,,,"{""levels"": [""SCHOOL"", ""CLASS_11_12""]}",REVIEW_REQUIRED,REVIEW_REQUIRED,15.0,2026-10-02T08:32:39+00:00,2026-10-02T15:41:48+00:00,,9,0,university
162,stipend rules except m tech in computer science|scholarships.gov.in,Stipend Rules (Except M. Tech. in Computer Science),INDIAN STATISTICAL INSTITUTE,government,https://scholarships.gov.in/public/schemeGuidelines/STIPEND_STATICAL_GUIDLLINES.pdf,,"1 B.Stat/B.Math 5000
2 PG Diploma in Statistical 3000
Methods and Analytics (For students domiciled in
the North East States of India)
3 M.Stat/M.Math/MS(QE)/ 8000
MS(LIS)/MS(QMS)
4 M.Tech(CS)/M. Tech (CrS)/M.Tech(QROR) 12400","UG, PG and Diploma","B.Stat/B.Math, PG Diploma in Statistical Methods and Analytics, M.Stat/M.Math/MS(QE)/MS(LIS)/MS(QMS), M.Tech(CS)/M. Tech (CrS)/M.Tech(QROR)","If, in any particular semester, (i) the composite score in any course is less than 35% (45% in core courses for M. Tech (QR&OR) and M.S. (QMS)), or (ii) the composite score in more than one course (two courses in the case of the first semester of the first year) is less than 45%, or (iii) the average composite score in all credit courses is less than 45%, no stipend will be awarded in the following semester.",,,,,North East States of India,Indian Statistical Institute,,"A monthly Stipend is awarded at the time of admission to each student, which is valid initially for the first semester only.",,,,,"The amount of stipend to be awarded in each subsequent semester depends on academic performance, conduct, and attendance","{""min_percentage"": 35.0, ""levels"": [""DIPLOMA"", ""UG"", ""PG""]}",REVIEW_REQUIRED,REVIEW_REQUIRED,15.0,2026-10-02T08:38:46+00:00,2026-10-02T15:41:48+00:00,,9,0,government
163,stipend rules for m tech in computer science m tech cs|scholarships.gov.in,Stipend Rules for M. Tech. in Computer Science [M.Tech. (CS)],INDIAN STATISTICAL INSTITUTE,government,https://scholarships.gov.in/public/schemeGuidelines/STIPEND_STATICAL_GUIDLLINES.pdf,,12400,PG,M. Tech. in Computer Science [M.Tech. (CS)],"A student is eligible for a full stipend • in the first semester, only if (s)he registers for at least four courses; • in the second semester, only if (s)he obtains at least 45% in each of at least four courses in the first semester with an average score of 60% in the best four courses; • in the third semester, only if (s)he obtains at least 45% in each of at least nine courses in the first two semesters with an average score of 60% in the best nine courses; • in the fourth semester, only if (s)he obtains at least 45% in each of at least fourteen courses (or twelve courses and a minor project) in the first three semesters with an average score of 60% in the best fourteen courses.",,,,,,Indian Statistical Institute,,"On admission, each student will receive the institute specified stipend, subject to the rules described in the general brochure for all non-JRF degree courses, with the following modification in respect of ‘Performance in coursework’ criterion.",,,,,"A student who is ineligible for a full stipend in the second, third or fourth semester, may be eligible for a half stipend in that semester","{""min_percentage"": 45.0, ""levels"": [""PG""]}",REVIEW_REQUIRED,REVIEW_REQUIRED,15.0,2026-10-02T08:38:46+00:00,2026-10-02T15:41:48+00:00,,9,0,government
164,contingency grant and prize money|scholarships.gov.in,Contingency Grant and Prize Money,INDIAN STATISTICAL INSTITUTE,government,https://scholarships.gov.in/public/schemeGuidelines/STIPEND_STATICAL_GUIDLLINES.pdf,,"1 B.Stat/B.Math 5000
2 PG Diploma in Statistical 3000
Methods and Analytics (For students
domiciled in the North East States of India)
3 M.Stat/M.Math/MS(QE)/ 8000
MS(LIS)/MS(QMS)
4 M.Tech(CS)/M. Tech (CrS)/M.Tech(QROR) 8000","UG, PG and Diploma","B.Stat/B.Math, PG Diploma in Statistical Methods and Analytics, M.Stat/M.Math/MS(QE)/MS(LIS)/MS(QMS), M.Tech(CS)/M. Tech (CrS)/M.Tech(QROR)",,,,,,North East States of India,Indian Statistical Institute,,"Each student receives an annual contingency grant as per the below table, provided he/she is entitled to receive full stipends.",,,,"In addition to it, in each semester the Teachers’ Committee may nominate few students for their outstanding performances in examinations for certain amount of cash awards as prize money.",,"{""levels"": [""DIPLOMA"", ""UG"", ""PG""]}",REVIEW_REQUIRED,REVIEW_REQUIRED,15.0,2026-10-02T08:38:46+00:00,2026-10-02T15:41:48+00:00,,9,0,government
171,scheme of free coaching for scs obcs and beneficiaries of pm cares children scheme|scholarships.gov.in,"Scheme of Free Coaching for SCs, OBCs and beneficiaries of PM CARES Children Scheme",Dr. Ambedkar Foundation (DAF),government,https://scholarships.gov.in/public/schemeGuidelines/guid_3108.pdf,,Stipend @ Rs. 4000 per month for full duration of the course not exceeding 12 months,,"Group A and B examinations conducted by the Union Public Service Commission(UPSC), the Staff Selection Commission (SSC) and the various Railway Recruitment Boards (RRBs);","Students having less than 50% marks in their class X exam, shall not be considered under the scheme.",total family income of Rs. 8.00 lakh or less per annum from all sources,,,"Scheduled Castes (SCs), Other Backward Classes (OBCs)",,Central Universities empanelled under the Scheme,,"Students belonging to SCs and OBCs, having total family income of Rs. 8.00 lakh or less per annum from all sources will be eligible for benefits under the Scheme.",,,Income declaration of self-employed parents/guardian should be in the form of a certificate issued by a Revenue Officer not below the rank of Tehsildar.,The Central University shall shortlist SC and OBC students to be imparted coaching in the course(s) allocated to the Central Universities fulfilling the eligibility conditions indicated in para 5 of the scheme and also falling in the merit list prepared by the Central University after following a procedure established by the concerned University itself for screening the eligible candidates.,"The signed MoU shall be applicable for a period of three years from the date of its signing. The empanelled can be renewed for a further period of three years subject to fulfillment of performance criteria, willingness of the Central University and other material factor(s).","{""max_family_income_inr"": 800000, ""min_percentage"": 50.0, ""categories"": [""SC"", ""OBC""]}",REVIEW_REQUIRED,REVIEW_REQUIRED,15.0,2026-10-02T08:42:25+00:00,2026-10-02T15:41:48+00:00,,9,0,government
64,state merit scholarship|shcollege.ac.in,State Merit Scholarship,Government Agencies,university,https://www.shcollege.ac.in/scholarships,,"UG
Rs.10,000/-Per annum
Rs.625/- Per annum
PG
Rs.12,000/-Per annum
Rs.750/- Per annum",,,Those who have secured 50% and more marks can avail this scholarship.,"UG
Rs.10,000/-Per annum
PG
Rs.12,000/-Per annum",,,,,,,Those who have secured 50% and more marks can avail this scholarship.,,,,,,"{""max_family_income_inr"": 12000, ""min_percentage"": 50.0}",REVIEW_REQUIRED,REVIEW_REQUIRED,14.3,2026-10-02T07:38:54+00:00,2026-10-02T15:41:48+00:00,,9,0,university
55,scholarship for children of unorganised workers labour welfare scheme|mpu.ac.in,"Scholarship for Children of Unorganised Workers, Labour Welfare Scheme",MP Labour Department or Labour Welfare Board,university,https://mpu.ac.in/blogs/mp-scholarship-types-eligibility-how-to-apply,,,"ITI, Diploma, UG, or PG programmes",,,,,,,,,,Open to children of workers registered with the MP Labour Department or Labour Welfare Board.,,,,,,"{""levels"": [""DIPLOMA"", ""UG"", ""PG""]}",REVIEW_REQUIRED,REVIEW_REQUIRED,10.0,2026-10-02T07:38:13+00:00,2026-10-02T15:41:48+00:00,,9,0,university
63,national merit scholarship nms|shcollege.ac.in,National Merit Scholarship – NMS,Government Agencies,university,https://www.shcollege.ac.in/scholarships,,"those with income below Rs.25,000/- will get Rs. 60/-per month and those with income above Rs.25,000/- will get a National scholarship of Rs.100/- and a merit certificate",,,Those who have passed SSLC with 50% marks can apply for this.,,,,,,,,Those who have passed SSLC with 50% marks can apply for this.,,,,,,"{""min_percentage"": 50.0}",REVIEW_REQUIRED,REVIEW_REQUIRED,10.0,2026-10-02T07:38:54+00:00,2026-10-02T15:41:48+00:00,,9,0,university
65,district merit scholarship|shcollege.ac.in,District Merit Scholarship,Government Agencies,university,https://www.shcollege.ac.in/scholarships,,,P.G. Classes,,Students who secure 80% or above marks in S.S.L.C. Examination are eligible for this scholarship.,,,,,,,,Students who secure 80% or above marks in S.S.L.C. Examination are eligible for this scholarship.,,,,,,"{""min_percentage"": 80.0, ""levels"": [""PG""]}",REVIEW_REQUIRED,REVIEW_REQUIRED,10.0,2026-10-02T07:38:54+00:00,2026-10-02T15:41:48+00:00,,9,0,university
69,hindi scholarship|shcollege.ac.in,Hindi Scholarship,Government Agencies,university,https://www.shcollege.ac.in/scholarships,,,,Hindi,Applicants should have passed previous exams.,,,,,non-Hindi speaking states,,,This scholarship is for students of non-Hindi speaking states for studying Hindi.,,,copies of mark lists,,,{},REVIEW_REQUIRED,REVIEW_REQUIRED,10.0,2026-10-02T07:38:54+00:00,2026-10-02T15:41:48+00:00,,9,0,university
70,k p c r scholarship|shcollege.ac.in,K.P.C.R. Scholarship,Government Agencies,university,https://www.shcollege.ac.in/scholarships,,,"I UG
I PG",,,"I UG
Rs. 25,000
I PG
Rs. 42,000",,,,,,,All students who come under the low income category as mentioned below can avail this scholarship.,,,"attested true copies of S.S.L.C. Book (page 1), mark lists and income certificate from village officer",,The application is to be renewed every year.,"{""max_family_income_inr"": 42000, ""levels"": [""UG"", ""PG""]}",REVIEW_REQUIRED,REVIEW_REQUIRED,10.0,2026-10-02T07:38:54+00:00,2026-10-02T15:41:48+00:00,,9,0,university
71,ncert scholarship|shcollege.ac.in,NCERT Scholarship,National Council of Educational Research and Training,university,https://www.shcollege.ac.in/scholarships,,,,,Those who have cleared National Talent Research Scheme Test,"Rs. 50,000/-",,,,,,,"Those who have cleared National Talent Research Scheme Test and with an annual family income below Rs. 50,000/- are eligible for the Scholarship.",,,,,,"{""max_family_income_inr"": 50000}",REVIEW_REQUIRED,REVIEW_REQUIRED,10.0,2026-10-02T07:38:54+00:00,2026-10-02T15:41:48+00:00,,9,0,university
74,sph scholarship for the physically handicapped|shcollege.ac.in,SPH (Scholarship for the Physically Handicapped),Government Agencies,university,https://www.shcollege.ac.in/scholarships,,,,,,"Rs.24,000/-",,,,,,40% physical disability,"Available for those who have 40% physical disability and their annual family Income is below Rs.24,000/-",,,Physician’s certificate revealing the disability,,,"{""max_family_income_inr"": 24000}",REVIEW_REQUIRED,REVIEW_REQUIRED,10.0,2026-10-02T07:38:54+00:00,2026-10-02T15:41:48+00:00,,9,0,university
75,post metric scholarship|shcollege.ac.in,Post-Metric Scholarship,Government Agencies,university,https://www.shcollege.ac.in/scholarships,,,,,secured not less than 50% marks or equivalent grade in the previous final examination,Rs. 5 lakh,,,minority communities,,,,"This scholarship is awarded to the meritorious students from eco­nomically weaker sections of the minority communities, who have secured not less than 50% marks or equivalent grade in the previous final examination and the annual income of whose parents/guardian from all sources does not exceed Rs. 5 lakh.",,,,,,"{""max_family_income_inr"": 500000, ""min_percentage"": 50.0, ""categories"": [""MINORITY"", ""EWS""]}",REVIEW_REQUIRED,REVIEW_REQUIRED,10.0,2026-10-02T07:38:54+00:00,2026-10-02T15:41:48+00:00,,9,0,university
68,university merit scholarship|shcollege.ac.in,University Merit Scholarship,Government Agencies,university,https://www.shcollege.ac.in/scholarships,,"UG
Rs. 900/- per annum
PG
Rs. 1200/- per annum",,,All those who have secured 50% and more marks are eligible for this.,,,,,,,,All those who have secured 50% and more marks are eligible for this.,,,attested copy of the relevant mark list,,,"{""min_percentage"": 50.0}",REVIEW_REQUIRED,REVIEW_REQUIRED,9.3,2026-10-02T07:38:54+00:00,2026-10-02T15:41:48+00:00,,9,0,university
73,fishermen scholarship|shcollege.ac.in,Fishermen Scholarship,Government Agencies,university,https://www.shcollege.ac.in/scholarships,,"fees benefit, lumpsum grant and stipend",,,,,,,,,,,This is only for the children of Fishermen and Fish Workers.,,,copy of the S.S.L.C. book page No. 1 and copies of certificates revealing educational qualification,,Application should be renewed every year.,{},REVIEW_REQUIRED,REVIEW_REQUIRED,5.0,2026-10-02T07:38:54+00:00,2026-10-02T15:41:48+00:00,,9,0,university
72,labour welfare funds scholarship|shcollege.ac.in,Labour Welfare Funds Scholarship,Kerala Labour Welfare Board,university,https://www.shcollege.ac.in/scholarships,,,,,,,,,,,,,This scholarship is for eligible children of members of Kerala Labour Welfare Board.,,,,,,{},REVIEW_REQUIRED,REVIEW_REQUIRED,0.0,2026-10-02T07:38:54+00:00,2026-10-02T15:41:48+00:00,,9,0,university
106,national overseas scholarship|du.ac.in,National Overseas Scholarship,,university,https://www.du.ac.in/index.php?page=opportunities-scholarships,,,,,,,,,,,,,,,,,,,{},REVIEW_REQUIRED,REVIEW_REQUIRED,0.0,2026-10-02T07:41:08+00:00,2026-10-02T15:41:48+00:00,,9,0,university
109,ugc non net non jrf fellowship|du.ac.in,UGC-Non-NET/Non-JRF Fellowship,UGC,university,https://www.du.ac.in/index.php?page=fellowship,,,,,,,,,,,,,,,,,,,{},REVIEW_REQUIRED,REVIEW_REQUIRED,0.0,2026-10-02T07:41:11+00:00,2026-10-02T15:41:48+00:00,,9,0,university
